	score	comment
0	5	私は長時間マスクを使う事がないので何でも良い人なんですが、主人は仕事で長時間マスクを使うので、ゴムが細いのだと耳が痛くなると言うので、今までは違う所で違う物を使っていたのですが、今回は無くなってしまって新たに購入しようとしたら値段が3倍になっていたので色々と探して居たら、ゴムが幅広タイプで耳が痛くならないタイプのものがすごく安く売って居たので今回は204枚で1セットのを3セット購入しました。届きましたがこのお値段でこの品質はとても良いですね(*&#728;&#65078;&#728;*).:*&#9825;主人がしばらく使ってみた感想もまた追記しますね。
1	5	薄型なのに三層構造になっていて、汗まみれになる これからの季節に使い捨てするには、お手頃価格で助かります。出来れば箱から、一枚ずつ取り出せるタイプが良かったです。
2	5	真空状態でまとめて一袋に入っていました。少し薄いなと思いましたが、耳が痛くなりにくいゴムでした。普通サイズの私の顔で、目の下からあごまでスッポリ隠れて、隙間もなし。ほんの少し大きいですが、ゆとりをもって付けている感じ。私より大きめの顔の主人で丁度いい大きさです。小顔ではブカブカだと思います。この質ならリピしようかなと思えます。
3	5	これまでは他のお店で購入していましたが販売中止になり、同じ商品を探していました。以前購入していた価格よりも値上がりしているのが残念です。パッケージもリニューアルされました。その為、ぺったんこに圧縮されています。マスクの型崩れを気にされ方もいますが、私は許容範囲でした。匂いもほぼ無い状態です。以前の物と質感もさほど変わらないと思います。比べましたが大差なく、若干ゴムが太くなったような…ほとんど変わらない品物です。これが見つかる前に他社のお安いマスクを購入しましたが、ゴムがきつく匂いもきつく息苦しかったです。やはり、私はこのマスクが良いと思います。今後は値下がりする事を切実に期待しています！！
4	4	2度目の購入ですコスパが良く満足していますただ1点ゴムが切れかけのが有りました
5	5	3回？4回目のリピート購入です。これでレビュー内容は詳細についてはかく必要無いかと…
6	4	毎日使うものなので価格の安いものが助かります。品質も良いとの事で安心して使ってます。リピしてます
7	5	リピ商品です。凄い良い、というわけではないが、普通に使える。お値段が安いので、毎日使うものなのでリーズナブルが1番。
8	5	色々、他サイトや1枚辺りのコスパ調べて最安値で購入出来て良かったです♪またお願いします！
9	4	ちゃんと梱包されていて物もしっかりしていて良かったし発送も早かった
10	5	快適な設計になっています。おすすめです。
11	5	リピート購入してます。肌に優しく快適です。
12	5	リピート購入！コスパ最強で耳が痛くなく、不織布では一番おすすめかと思います。
13	5	大きく耳も痛くならず快適です。リピートします。
14	5	「耳が痛くならない」と書いてあるマスクもたいてい長時間着けていると痛くなるのですが、こちらのマスクは本当に痛くならないので何回もリピートしています。いつの間にかパッケージが変わっていたので届いたときに間違って買ったのかと思いました。個人的には前の袋に入っている方が保管する時にかさばらなくて良かったです。
15	5	ちょうどいいサイズ感でした。またリピしたいです。
16	5	とても気に入っています^_^もう何度も購入させていただいています。
17	5	まだまだマスクも必要なので助かってます。
18	5	リピート購入です。ゴム紐の太さ（耳が痛くなりにくい）・生地の厚さ（厚すぎず多少濡れても透けない）など、この品質でこの値段であれば大満足です。満足度が低い方がいるのが不思議ですが、そういった方は高いマスクと同等のクオリティーを望んでいるのでしょうか。値段相応以上であれば満足するべきだと思いますけどね。
19	5	夫がこちらのマスクが大のお気に入りでお世話になってます！耳が全く痛くならず、とても快適に仕事に集中できるそうです。肌が弱めな夫ですが一切肌荒れもないです。これからもお世話になります(^^)
20	5	何回か利用してます。300枚セットはなくなってしまったのかな？
21	5	耳が痛くならないタイプを探していて、試してみたところ、顔を覆う部分も大きくて痛くない！と家族の指示を得て以来何度か購入しています。色々なお店が色々なタイプを取り扱っているで、もっと安くて良いのがあるのでは？と思うこともありますが、我が家のお気に入りなので、残り少なくなったらすぐ同じ注文を繰り返しております。
22	5	リピート購入です。耳も痛くならないし作りもいいので次も購入します!
23	5	このマスクが一番耳が痛くなく、値段も安く大変いいです。
24	5	他の人のレビューで、薄いとありましたが気になるほどではありませんでした。毎日使っていますのでコスパが良くありがたいです。マスク生活はいつまで続くかわかりませんが、なくなったらリピする予定です。
25	5	マスク生活はまだ続けないといけないようなので購入。かさばらない包装なので買い置きに便利です。
26	5	家族で利用するので沢山のマスクが必要で満足しています。
27	4	眼鏡が曇りにくいと表記がありましたが、曇り止めを付けないと、くもってなにもみえません。
28	5	早い対応ありがとうございました。まだまだ新型コロナの影響が続いていて、マスクは必要不可欠な状態です。これからの夏場向きに薄すぎず厚すぎず自分にはちょうどいい感じです。
29	5	旦那にぴったりのサイズらしくリピート購入です。
30	5	黒のマスクが欲しくてあれこれ探していました。口コミが良いのに安くて｢本当に？｣と半信半疑で購入しましたが･･･とても良い！耳ヒモが痛くない！マスク自体もしっかりしていてびっくりしました。長時間つけていても大丈夫でした。今まで購入していたのは10枚ずつの包装だったから51枚がまとめて入っていたので保管にちょっと悩みましたが･･･百均で入れ物を買って車にも常備しました。それでも大満足でまたリピします！
31	5	息子用に購入です。ゴムが太くて耳が痛くならないとの事です。マスクにうるさい息子ですがこちらは気に入って使ってます。値段もお安く発送も早くて助かります。
32	5	圧縮により若干型崩れはあるものの、大きさ、形、厚さなどドラッグストアで売ってる箱マスクとなんら遜色ないです。この値段でこの枚数、さらに耳が痛くならない紐形状なので、200枚使い切ったらまたリピートします。
33	5	生地は少し薄めですが呼吸しやすいし蒸れにくい感じ、耳ゴムも太く柔らかいので痛くならず、着け心地が良くて良いですね。小学生の息子も使う(耳ゴムを結んで調節して)ので感想聞いてみたら、良い感じ！って気に入ってました。この品質で200枚、こんなに安く購入出来てとても助かります。
34	4	いろいろなマスクを使ってみましたがこちらが一番快適でした。耳にストレスがなくマスクも柔らかです。それなのにものすごくお安い！家族で使っているので思ったより早く一袋なくなってしまいますので今回はまとめて購入いたしました。まだ日本では当分マスク生活が続くと思うのでこれで安心です。
35	5	大量にお安く買えて大満足です。また購入したいです。
36	5	着け心地が軽やかですまた購入したいと思います
37	4	少し安くて心配ですが、物はしっかりしていて安心して使っています。
38	5	コロナの影響で自宅療養となり、ストックのマスクが無くなったので買いました、注文から配達まで早くて助かりました。
39	5	いつもは白でしたが、黒も買ってみました。耳が痛くならなくて何度も購入してます。
40	4	発送も速くありがとうございました。１日中使用しても耳が痛くなくて楽です。
41	5	購入後すぐに発送していただき助かりました。商品も問題なくリピ確定です。
42	5	仕事には、いい感じです。感染対策には…。小顔の人は緩すぎるかもしれません。私はイケますが（笑）耳は絶対痛くならない緩さです。
43	4	呼吸がしやすく、耳も痛くならないマスクです。
44	4	いつもこちらで購入しています。ハズレなく、耳ゴムも痛くなりにくく、家族4人分、定期的に購入しています
45	4	他店で購入した物は1枚ずつ個別包装されており値段も安かったのですがブラックの在庫がなくなってしまっていたのでこちらの商品を購入してみました。当商品は51枚ずつ圧縮された状態で届いたので数枚ずつ持ち運ぶのには不便だと思いました。商品事態は普通の不織布マスクですがヒモが幅広で柔らかいのでかけ心地は良いです。使いきる前にマスク不要の時代が来ることを願います。
46	5	リピート購入です。仕事場が変わりまして常時マスクをつけた状態の時間が長いので、毎日つけていると耳部分がいたくなるのでこちらを購入しています。耳当たりがやさしくとてもいいですね。あとはなかなか買い物する時間もないのでネットでまとめて購入できるのでありがたいですね。今回は200枚。なくなれば次回もまとめて購入します。
47	4	1日着けても耳が痛くならずに快適です。リピートしてます。
48	5	リピートです。ゴムが平らで耳の後ろが痛くなりにくいです。
49	4	かけたまま話しをしても安定して顔にフィットしてズレにくく耳も楽。家族揃って使っています。3回目のリピートですが、価格が前回より少し高くなりました。それでもお値打ちですが。
50	5	耳も痛くならず、フィット感も良い。息苦しくなることもないし、コスパも良いので、何度もリピート購入しています。
51	5	紐が平たいので耳が痛くならず子供が気に入ってます。
52	5	日本製の白い不織布マスク耳ゴムが痛くなくて顎までかかって安心できるマスクです。個別包装で快適に使えて安心できます。２００枚入りは助かります。当分使えるし一日に汚れが気になったら予備のマスクも大量に気にしないで使えて重宝します。
53	5	耳が全然痛くならないのでお気に入り。またなくなったら注文します。
54	5	耳が痛くならなかったのでまた購入したいです。
55	4	しゃべる仕事をしているので、少々「呼吸しにくい」と思うことはありますが、おおむね満足しています。
56	4	平ゴムで耳が痛くならない。鼻にフィットしてメガネがくもりにくい。よかったです。
57	4	耳が痛くならない製品を探していました。今のところ耳は痛くならず快適ですが、少し大きめのようです。
58	5	わりとすぐに届きました。大変助かっています。
59	5	このマスクは耳が痛くならなくてつけていても安心です
60	4	コスパ最強です。耳も痛くならないので重宝しています。
61	5	他の耳が痛くならないゴムと比較しても本当に耳が痛くならないので継続して購入しています
62	4	毎日使うものなのでお得なお値段で助かっています。品質も問題なく耳が痛くならず、リピートしてます。
63	5	3回目のリピです。少し大き目で男性でも耳が痛くならずに使えます。前回はとても簡易包装でしたが今回は可愛い箱に入っていて商品間違えたかと思いましたが中身は一緒の物で安心しました。個人的には簡易包装のままでお安くなれば嬉しいです。
64	5	リピです。対応も早いし、耳が痛くならないです。毎日使うので助かります。
65	4	注文して、すぐに届きました。ありがとうございました。
66	5	何度も購入しています。黒のマスクを着用するようになりこちらにしましたがほぼ紐が切れることもなく毛羽立つことも少なくとても重宝しています。今後も是非購入させて頂きたいです。
67	5	いつも旦那用に購入してます。発送が早くてとっても助かりました！
68	4	マスクの着け心地がキツくなくて良いです。
69	5	いつもこちらでマスクを購入しております。迅速な発送でいつも助かっています。
70	5	耳が痛くならないのでずっと愛用しています！
71	5	こちらの204枚ｾｯﾄは2回目の購入です。白だったり、ｶﾗｰだったり、季節と気分によって51枚のも色々購入しています。長時間付けていても耳が痛くないのが嬉しいです。
72	4	コスパよく重宝してます。耳も痛くないしリピしたいですね。
73	5	安くて使いやすくてちょうど良いです。リピートします。
74	4	ホントに「耳が痛くならない」縫製もしっかりしている
75	5	仕事で朝から夜まで付けていても痛くないです！おすすめです。お値段も割安2年ほど愛用しています。これからもぜひこの価格で宜しくお願いします。
76	5	コスパが良くリピートとなります。特に不満はありません。
77	5	コスパが非常に良く、中身もしっかりした作りでした。また購入したいと思います。
78	5	リピート購入です。家族にこのマスク以外だと耳が痛くなると言われ、それからずっとこのマスク以外購入していません。家族のお気に入りです。
79	5	耳が痛くならなくならないのがとても気に入っています。何回もリピートしています。
80	5	リピートです。長時間付けていても耳が痛くないので毎日使っています。
81	5	一日中付けていても耳が痛くならないんでお気に入りです
82	5	2度目の購入です。耳が痛くなることなく、コスパも大変良いので白黒のマスクはもうここでしか買えません。時々紐がねじれてることもありますが、使う際には全く気になりません。
83	5	商品も問題なく、出荷も早かったです。ありがとうございました。
84	5	いつも利用させていただいています。紐も柔らかく、マスクの素材もよく家族で使ってます。
85	5	ゴムが本当に柔らかくマスクも快適で他のは使えないので、まとめ買いです。これからもずっと取り扱って欲しいです。
86	4	一日付けていても耳が痛くならないのでとても気に入ってます。コスパもいい。
87	5	しっかりしたマスクで機能的にも問題なしコスパも良いです
88	5	パッケージが変わっても愛用者です。特にオススメは、耳が痛くならない。家族で使用してます。
89	5	つけ心地もよく、丈夫でヒモが取れたりすることもありません。いつも利用しています。
90	5	初めて購入しましたが、一つ一つの梱包が綺麗で、マスク自体もしっかりしています。平たいふわふわゴムなので長時間していても痛くならないです。とても気に入りました。また次回も購入したいです。
91	5	夫が気に入ってます。耳が痛くならずに使えています。
92	5	主人が気に入っているので､少なくなってくると注文してと言ってきます。耳が痛くならず、大きさもちょうどいいそうです。
93	5	値段がとても安いし、長時間使用しても耳が痛くならないので気に入って使ってます。
94	5	買えてよかった！しかも黒で！また買いたい！
95	4	ずっとこちらのマスクを購入しております。耳も痛くならずとても良いです。ショップの配送も早くて素晴らしいです。値段が上がってしまったのが少し残念です。
96	5	二度目の購入です！耳が痛くならないですし、まとめてお安いので助かります。
97	5	安い、速い、丈夫で匂いもなく、リピしています。
98	5	中学生の息子用にリピートしてます！耳の紐が太くて痛くならないようです！
99	5	安くて耳が痛くならないのでよかったです。
100	5	1回買って耳が痛くならないことからリピート中&#127926;長時間マスクをしてても痛くない&#8252;&#65039;またなくなったらリピートしたいです。
101	4	耳が痛くならないので、主人からこのマスクをリクエストされ、何度も購入しています。
102	5	リピ3回目です。5人家族で毎日使うため少しでもコスパの良い物を探していました。紐が切れることも、耳にくい込み痛いこともありません。使っていて毛羽立つこともありません。匂いも気にならない。良い商品に出会いました。またリピします。
103	5	耳の紐がふわふわでかけ心地も良く、お値段に見合わないくらい快適なマスクです^_^すぐに届けていただいたので助かりました！
104	4	通気性も良く、快適な着け心地です。毎日のマスク生活に重宝しています。
105	5	コロナ禍でマスクを幾度となくネット購入してきました、その都度主人は耳が痛くなるや息苦しいやらと難癖ばかり付けていましたが此方のマスクにした時にはとても良いと喜んでくれそれ以来ずっと購入しています。
106	5	普段のマスクだとどうしてもゴムで耳が痛くなってなやんでいました。なんとかいいものがないかと探していたところこちらを見つけました。購入して届いたものをためした結果全くみみもいたくならずにこれからリピートしたいとおもいました。
107	4	まだ使用してませんが、配送他問題ありませんでした
108	5	耳が痛くならないマスクはこれが一番なので、リピートしています
109	5	何回も購入してます。しっかりしてるし、紐とれたことありません。少し大きめだと思います。500円以上の値上がりにはびっくりですが。。。でも無くなったらまた買います。。
110	5	耳が痛くならず、つけてて楽です。なくなったらまた買います。
111	5	長時間使う物なので、耳が痛くなったり、息苦しくないかを気にしていましたが、一日使っても大丈夫でした。もう何度かリピートしています。やっと出会えたマスクなので、長く販売して欲しいです。
112	5	発送が早かったです。マスクをあてた感じ柔らかく耳にかけるゴムも気に入りました。また、購入したいと思います。
113	5	今回リピートです。子供達も気に入っており、お安くて助かっています。
114	5	大きめでゴムが柔らかいので耳が痛くならなくていいです。素材がいいのでリピートで買ってます。
115	5	耳のところが太めで痛くなりにくいです！安くて丈夫なのでリピ確定です！！
116	5	再々購入です。1日付けても耳が痛くならない。ここ大事です。
117	5	耳ゴムが柔らかく痛くなりません。つけ心地も良く毛羽立ちもないので長時間でも大丈夫でした。
118	5	素材がしっかりしていて、とても使いやすい商品です。マスクが無くなると毎回リピートして購入させていただいています。
119	5	到着も早く、耳も痛くならない、匂いもないのでまた購入します。
120	5	耳ゴムが太いので、耳が痛くならなくてリピートしています。
121	5	耳が痛くならず快適です。また購入したいと思います。
122	5	着け心地良かったです！耳も痛くなりません！これでこの値段はお得！
123	4	コスパがいいです。使い心地も特に何ともないです。
124	5	平ゴムなので全く耳が痛くないです。接客の仕事てすがマスクがズレる事もなく快適です。
125	5	こちらでも購入は何度目でしょうか？3回？4回目かな？毎日使うものなので、安く購入出来て助かってます。
126	5	家族みんなが使ってます。他のマスクだと耳が痛いと言うのでこれしか買えなくなりました。
127	5	何度か購入しています。箱がA4より少し大きい位なので収納に便利です。
128	5	迅速なご対応ありがとうございました。家族用で買いましたが こちらの商品は耳が痛くならないから 本当にありがたいです。またご縁がありましたら宜しくお願い致します。
129	5	スーパーセールの10日の注文で15日着です。ここのマスクは、耳に優しいゴムなので、娘がここのマスクじゃないと嫌だといいます。今後もリピートする予定です。
130	5	まだ使ってませんが、今までの紐より太いタイプなので耳が痛くならないのを期待して使用します
131	4	発送も早く、マスクも満足する商品でした。またリピしたいと思います。
132	5	ゴム紐も太く耳が痛くなることが、ほぼありません。毎回リピート購入させてもらってます。
133	4	耳が痛くならず肌あたりも良いので、一日中つけていて快適です。
134	4	もう何回もリピートしております。ゴムが平らで耳が痛くなりにくいです。コスパも良いです。最初に購入した時は箱に入っており、途中から箱包装が無くなりましたが、また今回箱包装になってました。パッケージが以前と変わってましたので、一瞬違うものを購入したと思いました。
135	5	長時間着けていても痛くならない。このマスク以外はほとんどつかわない。使い勝手がいい。
136	5	毎日使うものなので、ゴムが太めで痛くならず良いようです。また無くなったらリピートしたいです。
137	5	2度目のこうかです。耳が痛くなりづらくて良いです。
138	5	とても使いやすいです。お値段も安くてリピートしてます！
139	5	柔らかくて、また次回も購入させていただきますm(_ _)m
140	5	安いししっかりしたマスクで満足です。包装もコンパクトで収納の場所をとらなくて良いです。
141	4	開封時に少しにおいは有りますが、耳が痛くならず、コストパフォーマンスが良かった。
142	4	白色マスクを購入しました。耳が痛くなりにくい太めのゴムで、マスクは柔らかく快適です。この品質でこのお値段、お買い得です。またリピします!
143	5	レビュー遅くなりました。柔らかくて付け心地がとても良いです。
144	5	リピート購入です。煩わしいと思うマスクも気持ちよく付けることが出来ます。次も買いたいです。
145	5	耳も痛くならなくて、お値打ちなので大満足です
146	4	このマスクで特筆すべきは、コスパが良いことと、本当に耳が痛くなりにくいところです。これまで何度かリピしています。ただ、毎回値上げされているのが気がかりです。
147	5	息子や夫が長時間つけていてもこのマスクは耳が痛くならないです。またリピします。
148	4	マスクの耳にかける部分が広目で長くマスクを装着していても痛くならずに、多くあるマスクの中でも一番良いマスクです。家族全員がこのマスクが好きです。
149	4	しっかりとした製品です。安心して使っています。
150	5	リピートしてます！家族で毎日使うものなので、安くて助かります。安いと不織布が薄いものもありますが、こちらはそんなことはなく、ゴムも太めで他のものより痛くなりにくいと思います。無くなったらまたリピします。
151	5	顔に触れた感じがしっとりしていて良いです。耳も痛くありません。安いのにとても品質がいいですね。
152	5	何回かリピしてます。とてもしっかりした生地で 使い捨てマスクにはピッタリ。
153	5	商品発送も早いし、200枚でこの値段はお得なのでリピ買いです平ゴムで耳も痛くならないし、マスク生地もしっかりしてるのでおすすめです
154	5	個別梱包ではありませんがお安く買えました。
155	4	離れて暮らす息子に購入しました。息子が言うには息がしやすく、使いやすいそうです。
156	5	３度目のリピートです質、お値段、対応 申し分ないですまた必ず購入しますありがとうございました。
157	5	リピートで買いました。耳が痛くならないので気に入ってます。また、コスパが良いと思う。
158	5	耳に当たるゴムが太くなっており、痛くなりにくく、とても助かります。
159	4	まだ使用していないですが安く買えて発送も早かったので期待しています
160	4	限定価格で購入出来たので良かったです。家族は白しか使用しないため、数量も多いのが良いな、と思っていたところに、4箱でのこの価格。有難いです。ただ、商品がビニールの中で片寄っていたため、変な折りぐせがついている物があり、そこは、残念でした。
161	5	耳が痛くなりにくく、しっかりした作りで満足です。
162	5	娘が耳が痛くならず使いやすいと気に入っています。配送も早かったので、助かりました。
163	5	毛羽立ちもないしずっとこのマスクを愛用してるのですが、今回買おうと思ったら４箱200枚しか出ていなくて残念。前は８箱分とかもうちょっとお得なのがあったはずなのに。届いてみると箱入りになっていて、今までより少し高級そうには見えるのですが、袋タイプの方がかさばらずしまっておけるのでよかったです。
164	5	不織布の肌触りもよく、耳が痛くならないのがいいです。白と黒の限定でしたら、より安価で購入できました。
165	4	耳のところが柔らかくていい感じ。大きいかなと思ったけど全然普通サイズでした！
166	5	初めての購入でしたが、注文から発送がとても早くて助かりました!!マスク特有のﾆｵｲもなく、長時間つけていても耳が全く痛くならなかったのでとても良かったです!!また、マスクが無くなりそうになったら購入したいと思います!!
167	5	耳が痛くならず、呼吸もしやすいように思います。今回は黒を購入しましたが、白も購入しようと思います。
168	4	耳も痛くならないし、マスクの中もケバケバしないので、すごくつけ心地がよかったです。
169	5	3回目のリピートです。耳掛けゴムが平らで広いタイプなので、耳が痛くないて良いです。今回から梱包が変わってました。今までは52？51？枚づつビニールの2重梱包でしたが、外部包装が紙包装になってました。
170	4	お盆時期でしたが注文して10日で届きました。箱ではなく、ビニール袋に51枚入っていました。不織布は薄めな気がしますが、書いてある通り耳は痛くなりませんでした。クーポン利用で買いやすい価格だったので満足です。
171	5	初めての購入ですが、今までのマスクより耳が痛くなく快適です。なくなったら、また購入します。
172	5	耳が痛くならないマスクを探してました！希望にピッタリの優しいマスク。邪魔にならないパッケージもありがたかったです！
173	5	平ゴムのおかげで、1日中着用しても、痛くありません。おすすめです。
174	5	本当に耳が痛くなりません。家族全員愛用しています。
175	4	リピーターです！前より少し値上がりしてるのはザンネンですが、それでもお値打ち品だと思います☆これからも長く使わせて頂きます！
176	5	まだまだマスクが必須なので購入。コスパがとっても良いと思います。
177	4	薄めで、使いやすいマスクです。特ににおいもありませんでした。また購入したいと思います。
178	5	毎回リピしてますが、今回箱で届き、ちょっとビックリ！いつもの簡易袋で良かったかな…商品は変わらずつけ心地もサイズも満足です！
179	5	リビリピです！安くて！使い心地が良くて。なくなる前に毎度購入してます！絶対におすすめです
180	5	何度もリピートしています。耳が痛くならないです。
181	4	程良い大きさと、耳が痛くなりにくいひもを使用しているためリピ買いです。家族も使用しやすいと言っているため、またなくなったら購入予定です。かさばらない包装にもなっているのも助かります。
182	4	いつもリピートしています。しっかりしていて、安心で安い。助かります！
183	4	とても安かったので着け心地が心配でしたが、肌触りも良く、ケバケバ感が全くないので、長時間使用しても快適でした。ただ真空パックで梱包されていたので、耳掛け紐がマスクの本体にめり込んだ跡ができているところが数枚あったので、星を１つ減らしました。
184	4	ゴムが柔らかく耳に優しいマスクです。以前購入した時は鼻のワイヤーが無いもの、ずれてるものが入ってましたが今回のは今のところ問題ないです。
185	4	早い対応ありがとうございます。耳も痛くないので気にいってます。
186	5	色々購入してみましたが、家族全員、このマスクが良いと言うので、リピートしてます。耳が痛くならないし、毛羽立ちも感じません。
187	5	リピート購入している定番です！ここ数年愛用しています。
188	5	最近購入した安いマスクが、耳が痛くて息苦しいと家族に不評だったため、急ぎ購入。すぐに届けていただき、使い心地も好評。無くなったらまた購入しようと思います。
189	5	このマスクは、軽くて、サラッとしています。見た目は普通ですが、着け心地がよいマスクなので好きです。
190	5	安くて良い商品が購入出来ました。また注文させて頂きます！
191	4	「耳が痛くならない」というので購入。食い込んだりすることもなく耳に痛みはでません。ただ、作りがもう少し大きければもっと良かった。大人の男性にはちょっと小さめです。
192	5	下宿している子どもに送りました。つけ心地もよく、次回も同じものを送ってほしいそうです。私も自分用に注文しようと思います。
193	5	コロナ禍になってから、安くて良いマスクを探していました。その中で出会ったのがこちらの商品です。匂いも気にならなく、質感も気にならないので、5回以上連続で購入しています。マスク不足の時、物の部材が違う商品が入ってたことがありましたが、それ以外は問題なく使わせて貰っています。
194	4	材質がしっかりしていて、紐が太くて耳が痛くなりにくいマスクです。機会があればまた購入したいとおもいます。
195	4	耳が痛くなく、家族で毎日使用しています。
196	4	長い時間装着しても耳が痛くならず、内側が毛羽立ち辛いので愛用してます。コスパが良い。
197	5	コスパ良く品質も安定しているので、リピート購入しています。
198	5	商品も早く届いたし、マスクもしっかりしたもので、とても満足してます。また利用させてもらいます。
199	5	耳も痛くならないし、値段も安くて大満足です。
200	5	このマスクは内側が毛羽立たないのがいいです。ゴム紐も太めで耳が痛くなりめせん。お値段も安いので、気にせず使用できます。
201	5	リピート購入です。耳が痛くならないところが最有力アピールポイント。この値段でなら文句なしかと
202	4	マスクのしなくて良い世界に早く日本もすべきだなと感じます。仕方なくつけていますが、こんな事より経済回す方が先だろうと。ゼロコロナを目指す国、中国、北朝鮮、日本...なんだかなぁ。
203	5	値段も安く毎回利用しています。特に耳が痛くないのが最高です。
204	5	配送も早く、こちらのマスクは耳が痛くならずリピート確定商品です！！この暑い夏でも、息苦しさもなくこの値段はおススメです！
205	5	400枚購入しました。耳のゴムも太めで痛くなさそうで良いです。
206	5	幅広ゴムで耳が痛く無くコスト的にも最高でしたので、リピートさせて頂きました。
207	4	特に問題なしまた買うと思うにおいも気にならないし、耳も痛くない
208	4	いつもここでマスク購入してます安いし配送も早めだし肌状態も良いです仕事上ホワイトしかつけれないので色には困ってないです
209	5	耳が痛くならない品質のいいマスクです。コスパもいい、大変満足しています。
210	4	安く購入できて良かったです。コロナも増え、どこまで阻止できるかわかりませんが…。耳も痛くならずにつけやすいですよ。
211	5	素早い対応ありがとうございました！毎日使うマスクなので、素早い対応に感謝です！
212	4	勤務時間が長いためマスクをする時間が長く、このマスクなら痛くなりにくいと思い購入しました。注文してから2日後には届きたすかりました！
213	4	子供は黒しかつけないので探していたらありました。手頃な値段ですし丁度良いです。
214	4	ちょっと値上がりしてしまったのは残念ですが、安くて丈夫で安定してるのでとても助かってます！
215	5	耳も痛くならないしサイズもちょうど良かった！また購入したい！
216	4	いつも快適に使っています。耳が痛くならないのでお気に入り。今回は、不良品が入っていたので、残念でした。
217	4	新職場がホテル業なので、布マスクから不織布マスクに変更したくて購入しました。まだ使用していないのですが、色味は気に入っています！
218	5	1日中つけても耳が痛くならず、つけ心地も良かったです。サイズもちょうど良かったです。
219	5	商品届きました。耳が痛くならないので、とてもよかったです。
220	5	迅速に対応いただき、ありがとうございます。安価の上、しっかりとした作りで購入してよかったです。
221	4	耳が痛くならなく、快適に使えます。でも、耳の紐が外れていたものがあったので☆-1にしました。
222	4	耳は痛くなりにくいですノーズワイヤーもしっかりしているので密着性もありますただ不織布が硬めでつけ心地はそこまで良くないかなという感じです全体的には悪くないです
223	4	注文してすぐに発送されました。耳も痛くなさそうで良いです。
224	4	届きました。やらかくて苦になりにくいです。
225	5	２回目の購入です。手元に届くまでの間、他のマスクを使いましたが、このマスクがコスパ、品質含めてかなり良いと思います。また、購入したいと思います。
226	5	文句はありません。私には良い商品です。サイズもちょうど良い
227	5	ドラッグストアのマスクはまだまだ高いので安くて評判の良いこの製品を買いました。早速一日使った妻いわく、耳が全く痛くならずすごくいいとの事です！
228	4	ポイントで即購入。届くまでは、どんなんかな？と思い、梱包材をハサミでカット。３列に並んだマスクが梱包され、計４袋ありました。早速１枚取り出し、装着しましたら、軽いね。息もしやすい。これなら３セット位購入すればよかったと思いました。無くなったら楽天市場で再購入したいと思っております。
229	4	美容室で、カラーパーマのお客様用に、使っています。耳が痛くないし、コスパ良し、手触り良し！で、お客様にも、高評価です。何度も、まとめ買いしています。
230	5	リピート購入です。もう、何回購入したか。値段の割に、ホントいい付け心地で、おススメします。
231	4	主人が使用していますが、耳が痛くなりにくく良さそうです。毎日使うものなのでコスパも良く満足です。
232	5	品質は良く、耳も痛くなりません。三度目のリピです。
233	4	何度か購入してます。ゴムも柔らかく耳が痛くなりません。また購入します。
234	5	息子と夫が白のマスクのこだわりがあり購入。耳が痛くないのがいいという息子の要望でこちらを初購入しました。私も使用しましたが、他店で購入した分より耳は痛くないですね。夫もいい感じだそうです。リピート決定だそうです。
235	4	快適に使っています。又利用したいと思います。
236	5	数回リピートしています。別のマスクを使用したこともありますが、やはりこの商品の使い心地が良く、コスパも満足しているので繰り返し購入しています。マスクをする日常が解消するまでお世話になることになりそうです。
237	5	紐が柔らかく耳が痛くならないです！愛用してます。
238	5	お値段もお手頃で耳への負担も少ないマスクなので何度か購入してます。
239	5	ゴムが幅広く耳が痛くなくて気に入ってます
240	5	職業柄 様々なマスクを着用してきましたがお気に入りの逸品です。肌触り、呼吸のしやすさ、蒸れ全てにおいて満足です！また購入させていただきます。
241	5	うちの子はこのマスク以外は耳が痛くなるので着けません。その事を話したら友達から頼まれて、コスパと使いやすさでリピート購入です。これからもお世話になります(^^)
242	4	ゴムがとても柔らかいので耳が痛くなりにくいように思います。不織布の部分の大きさは、今まで使用していたものより少し小さめでしたが、付けてみると気になりませんでした。
243	5	リピートです。枚数も多く、耳も痛くならないので、感覚過敏のある娘も使えていて助かっています。
244	5	価格以上の満足度です。使い捨てマスクとして、かなりオススメです。
245	4	マスクが欠かせないこのご時世で、このコスパはすごくいいです。家族で使っているので、またリピしたいと思います。
246	5	リピートです。耳も痛くなくて長時間大丈夫です。
247	4	主人と息子が汗をかいたり汚れたりすると目立つと嫌だからと黒を購入しました。以前別のお店で購入した時は耳が痛くなったそうで、コチラはあまり気にならないそうです。リピートしようと思います！
248	5	いつも購入してます〜   この季節向けに良い商品です( *´&#65078;`*)値上げしないで頂けるとありがたいです&#128591;&#10024;
249	5	耳が痛くならないのは大袈裟ですが、耳は痛くなりにくいつくりとなっているため使いやすいです。
250	5	妻に頼まれ購入しました。適当に選んて頼みましたが、気に入ったようです♪
251	4	今回で3回目の購入です。お手軽価格で気兼ねなく使えます。品質もこの価格なら満足です。まとめ包装のため一部の商品でシワが少し気になるかな。でも使用上の問題は全く無し。
252	4	ここ1年ほどこのマスクにお世話になっています。薄すぎず、耳も痛くなりづらいです。仕事用なので毎日つけて苦にならず、安いものを探してこちらに辿り着きました。また次回もよろしくお願いします。
253	5	コスパも良くてうれしいです！主人は別のマスクで耳が痛くなりましたが、こちらのマスクは大丈夫のようです！またリピしたいです
254	5	３回目の購入です。耳が痛くないので長時間、付けやすいです。
255	4	コスト削減 包装省力化によりコストメリット十分です
256	5	安いのにしっかりした生地！ヒモも耳が痛くならない！最高です(^^)
257	4	紐が太いので、長時間使用しても耳が痛くならないので、無くなったらいつも同じ物を購入しています。
258	5	本当に耳が痛くなりにくく､１日中使用しても楽なのでこれからも使わせていただきます。
259	5	リピさせて頂いています。夫婦共に仕事で使用していますが、長時間付けでも耳が痛くならず、快適です。商品も丈夫でコスパも良いのでとても助かっています。今後もリピさせて頂きます！
260	5	耳はもちろん快適ですがサラサラとしていて肌触りもいい感じです。無くなったらリピートしようと思います。
261	5	コロナ禍の中、いつも注文するマスクです。耳が痛くなりにくいです。
262	5	リピート購入です。耳が痛くならずとても良いです。家族3人で使っており枚数が必要ですので、この価格はとてもありがたいです。
263	5	今まではマスクつけると耳から出血してたのですが、このマスクをつけると出血も痛みもなく非常に快適につけていられます。またなくなったら注文させて頂きます。
264	5	お値段も安く品質も安定しておりますので、リピート購入しています。
265	5	迅速に対応していただきました。機会があればまたお願いしたいですね
266	5	高校生の子供が気に入って、何度もリピートしています！着け心地が良いみたいです！
267	4	無くなる前にいつもこちらで購入しています。
268	4	200枚セットなのでしばらくこれで持ちそうです。ありがとうございました。
269	4	主人用にリピート購入です。耳が痛くなくて良いと言っています。ギュッと梱包されているので、シワがついていますが、主人は気にならないそうです。また、購入したいと思います。
270	5	リピートで購入しました。一日中耳が痛くならないので家族で高評価です。
271	4	このマスクはコスパ良くてリピートしてます
272	5	リピート買いです。いつも迅速な対応有難う御座います。
273	5	とても良さそうなので購入しました。これからの必需品なので安く手に入れられて良かったです。
274	5	リピート購入です。今回も注文から直ぐに届いて大満足です。
275	5	ゴム部分がふわふわで耳が痛くならないので、こればかりリピートしています。
276	5	お値段がとにかく安いですが、つけ心地は問題なし、ゴムもちょうどよい長さで、耳が痛くなることはありません。通勤通学に家族が毎日使うので、このお値段、枚数は助かります。
277	5	2回目の購入です。普通のマスクだと紐が痛いと言って、ずっと布マスクを使っていた夫がこちらのマスクだと痛くないと不織布マスクを使ってくれています。
278	4	まだ使用してませんが、見た感じゴム部分が太くて耳が痛くならなそう！
279	5	20代女性です。一周回って色無しのシンプルな白のマスクがほしくて購入しました。サイズも大きすぎず小さすぎず、顔が大きく見えません。また、ゴム紐で耳が痛くなることがないので、とても良い商品だなと思いました。
280	4	何度もリピしてます。耳が痛くないので、いいです。
281	5	ゴムひもが太いので、耳が痛くならず長時間の使用も苦になりません。何度もリピする程、お気に入りのマスクです。
282	5	リピートしています。大容量ですし、耳も痛くなりにくいのでとても重宝しています。
283	5	かゆくなることもなく、問題なくつかえています
284	4	リピートです、ゴムひもも柔らかく１日つけてても痛くならないのが良いです、まだ必要そうなので購入しました
285	5	耳も痛くなく、マスクも毛羽立つ事なく満足です。何よりお値段も安い！！
286	5	毎日使うものなので、品質が良いのに価格がリーズナブルで大助かりです。
287	4	良いです。またリピートすると思います。宜しくお願いします。
288	5	いつもリピさせて頂いてます。耳が痛くなくて、主人が気に入ってます
289	5	安いので助かってます。良い商品です。何度もリピしてます。
290	5	発送も早く直ぐに到着しました。有難うございました。
291	5	二度目の購入です。値段がお得なのにとても高性能だと思います。紐が切れるなど一枚もありませんでした。
292	5	知り合いからもらった時に耳も痛くならないし快適だったので常につけてるのでマスクはこれが良いなと購入しました。値段も安価で数も多くとても良い買い物です。
293	5	マスクが無くなったので急遽購入しました！耳ゴムが太く、痛くならないようで、使用感も良さそうです！
294	5	何度もリピートしてます！安定のマスクだと思います。価格も安いし！学生の息子が毎日使うのですが、ドラッグストアとかで、このマスクの倍の値のマスクと比べても、こちらの方が良いみたい！またリピートします！
295	5	この品質、この値段で200枚はいいね。紐も太く痛くない。不織布はどちらかというと固めなので口につかなくていい。総合的にいい商品でした。リピートしたいと思います。
296	5	しっかりしていて使いやすいのでいつも使っています。
297	4	毎日使うものなので安くて助かります。圧縮された状態で届きました。
298	5	リピートです。価格も品質も問題無し。また利用します。
299	4	３度目のリピです。耳が痛くないので気に入ってます。20歳の普通体型の息子が使ってますが、マスク部分が少し大きめですき間があります。耳ゴムはそのままで少し小さめのマスクがあると嬉しいです
300	4	安くていい 又注文します。安いの最高！！
301	4	リピート買いです。平らなゴムで耳が痛くならないので気に入ってます。
302	5	まだまだ、マスクが必要なので購入致しました。早速使わせて頂きます。
303	4	安いのにたくさん入っていてよかった。品質もまあまあ。個包装ではないのでそこは要確認。それだけかな。また買います&#12316;
304	5	大きさもちょうど良く、耳ゴムもソフトで痛くないです。良い商品だと思います。
305	5	何度目かのリピート。安くて、耳が痛くならない。家族で使ってます。
306	4	何度かリピ購入してます！はじめは、簡易包装なのであまり期待していませんでしたが（ごめんなさい(＞人＜;)）、耳も痛くならないし、お手頃なので重宝してます。
307	5	大量に入ってこの値段！耳も痛くならないし発送が早く大変満足です。次回もリピートしたいと思います。
308	5	安いです！コスパ最高！夫に買いましたが耳が痛くならないそうです。
309	4	耳が痛くならない不織布マスクで早速使用し、良く出来てました。
310	5	耳もあまり痛くありません。いつも愛用してます。
311	5	毎回購入しています。しっかりした品物で安心して、利用させて頂いてます。次回も購入します。
312	5	対応も早く、商品も満足いくものでした。値段も安いので、また、購入したいと思っています。
313	4	まだまだマスク生活が続きそうなので以前と同じコスパの良いこちらを購入しました。圧縮されているので収納スペースもコンパクトにすることができ助かります。ストック用なので今回分はまだ開封していませんが、前回分は特に問題なく使えています。
314	4	耳も痛くならないし使いやすくて良いと思います。
315	5	入金後２日で届きました！耳が痛くなりやすいですが、幅広ゴムのおかげで痛くならず快適に使用させていただいてます。コスパも良いのでまた購入します◎
316	4	迅速な対応して頂けてとても満足ですまた機会があったら利用します
317	5	ゴムで耳が痛くならない、大きさもちょうどいい、値段も手頃、主人がとても気に入ってるのでまとめ買いしました。
318	4	届くの早かったです真空パックされて平べったい状態で届いたので、マスクが折れ曲がって、形がついてしまってるので、しばらく出しておいた方がいいと思います。 マスクは、普通の不織布マスクと代わりはないです。
319	5	レビューを参考にして購入しました。肌触りが優しくて蒸れ感も少ないし、レビューで絶賛された通りでした。本当に買って良かった。またリピしたい商品です。
320	4	安いし、耳が痛くならないので、夫のお気に入りです。以前のように品薄になると困るので必需品なので買っておきました。
321	4	こちらのショップで購入するのは2回目です前回も今回も予想通り 使いやすくお値段も手頃なマスクでした平ゴム使用耳が痛くなりませんでした買ってよかったまたリピします
322	4	まだ使っていませんが、安く沢山買えたのでお得でした。
323	4	ゴム紐は耳が痛くなくて良好です。不織布はもう少し硬めが好みです。
324	5	複数回リピートしています。品質、納期、コスト、とてもバランスのよいものです。ありがとうございます。
325	5	リピート購入で家族全員で使っています。一日中していても、耳が痛くならない所がとても良いです。マスクが手放せない状態が続きそうです、これからも使わせていただきます。
326	5	いつも購入しています。安いし、耳も痛くならないので良いです。
327	5	旦那用に黒を購入。紐部分が優しい感じでとても気に入っており私も一緒に使ってます。おすすめ。なくなったらまた同じの買います。
328	4	お値段が安いのに、使い心地もよく気に入っています。
329	5	安い！なのに、特に問題なし！平ゴムで耳が痛くならないのも嬉しいです。
330	4	少しゴワゴワしてるけど耳ゴムは幅広で良かった
331	5	コスパ最高ですつけ心地もとても良いです
332	4	とにかく枚数が欲しいので助かります。大人4人（5人家族）が毎日毎日使うので何枚あっても足りなくてド×キホーテでたたき売りしてたのを購入しましたがやはり耳が痛くて痛くて多少折り目がついてたりとかありますが耳も痛くならないしまんぞくです。
333	5	今まで何度も失敗したマスク選びでしたが、今回は長時間でも耳が痛くならず、メガネも曇りにくく大変満足しています。継続して購入していきたいです。
334	4	中学生の息子から大人まで気軽に使えるのと、耳の紐が太くなってて痛くならないのがいいです。またリピートしたいと思います。
335	5	耳も痛くならず、つけ心地も良かったです。満足です。他の色もると嬉しいです。
336	5	耳が、痛くならなくて 使いやすかった。満足です。
337	5	この値段でこれは満足です耳も痛くなりません紐も切ません。
338	5	耳が痛くない、メガネも曇りにくいのでおすすめします。
339	4	総合的に満足できるマスクです。１番良いのは耳にかけるゴムが優しくて１日着けていても痛くなりません。私の顔にはピッタリするので守られている感があります。このお値段はお買得でした。
340	5	ありがとうございました、入金して直ぐに届きました。包装もきちんとしていて、マスクもしっかりしてます。ありがとうございました。
341	5	到着まで早くて助かりました。ただ箱入りで来るのかな?と思っていましたが、袋で真空パックで来たのが意外でした。ゴムも長時間掛けても痛くならないので良かったです。
342	5	長時間つけていても耳が痛くならなかったです。また無くなったらリピートしたいと思います。
343	5	親に頼まれて購入！肌触りもよくて耳が痛くならないのがいいそうです！
344	5	耳は痛くならないし、顔も痒くなりません。ただ少し生地が薄いようなきがしますが、この価格なら言うことなしです。
345	5	リピーターです、なかなか使い心地いいですね！
346	5	コロナ対策で毎日使用する必要があり、安価で枚数も多いため、リピート買いしてます！品質も不満はありません。
347	5	親戚から教えて頂き注文しましたが価格の割にとても良い商品だと思います。また購入したいと思います。
348	4	使い勝手いいです。価格、品質、共に納得です。
349	4	リピートです。確かに耳が痛くなりません。このお値段で、この枚数は、家族で使うので、大助かりです。主人には、ちょうど良いですが、私は、横が少し開いてしまうので、ホチキスで止めて、顔にフィットさせています。
350	5	安く購入できました。耳が痛くなりにくい。
351	5	耳が痛くならないのでリピーターです。安価で購入出来るので助かっています。
352	4	耳が痛くならなくていいです。１枚では不安なので２枚重ねで使用したかったのでこちらのマスクは重ねて使用しても苦しくなくて良かったです。コスパもいいのでリピートします。
353	5	耳が痛くなりにくく、顔が痒くなりにくいです。値段もお手頃なのでまた利用したいと思います。
354	5	とにかく安くて即購入。耳も痛くならないし、買って良かったです。
355	4	お値段の割に着け心地は最高です！ただ、個包装か箱に入ってると良かったかな？と、思い★４つに。
356	5	肌当たりも良く、耳掛けの部分も柔らかめで痛くならないとても良いマスクです。発送も素早くすぐ届きました。
357	4	毎日仕事用に使用する主人の為に購入いたしました。細いゴムだと耳が痛くなるとの事で、なるべく幅のある平ゴムのマスクを探していました。今のところ問題なく使用してるようです。個別包装とまでは言いませんが、５枚ずつ、せめて10枚ずつくらい袋に入っていたらもっと使いやすいのになぁ…と思いました。
358	5	初めて注文しました！耳が痛くなるので、幅広ゴムがほしくて購入しました。ゴムの幅は広く長時間つけても 痛くなかったです。ただ、ゴムが柔らかいせいか ゆるく感じますが 隙間はないです。ゴムがソフトなんだと思います。
359	5	以前購入して、耳が痛くならないマスクだったので追加で購入しました。家族も喜んでいます。
360	5	お値段安かったですが、クチコミのとおり耳も痛くないと旦那は喜んでいました。
361	5	この品質でこの値段ならお買い得です。シッカリした商品でした。
362	5	コスパは素晴らしい。使用感も問題ありませんでした
363	5	何度か購入していますが、いつも大変満足しています。使用感もとてもよく、耳も痛くありません。今まで、不良品も一つもなかったです。
364	5	毎日使うので迅速な対応助かりました又リピートしたいです
365	5	自分用で購入しました。使い心地も良く満足です
366	4	マスクはしっかりしていて耳も痛くないです、良い物を買いました、この値段では他では買えません。
367	5	毎回決まってオーダーしています。とにかく耳が痛くならないのが最高です。ただし時折ゴムが捻れているのもありますが使用には問題なしです。
368	5	届いてすぐにつけました。マスクは毎日使うものなので安価なのは嬉しいです。安かろう悪かろうではなくしっかりしてますし耳も痛くならず。良い商品です。
369	5	リピートです。すぐに届きました。耳も痛くならないし、安いし、満足です。
370	4	1日中マスクをしていると、耳の後ろがカサカサになって痛痒くなります。色々と試してマスクジプシーになっていますが、このマスクのゴムは適当に緩くて良いような気がします。しばらく使ってみようと思います。
371	5	プレゼントとしてリピート購入しました。耳が痛くならないのでとっても楽だとのことです。送料無料でとってもお安く購入できました。日常遣いになっているのでありがたいです。
372	4	大きさ・厚さ・紐の仕様、すべて良かったです。普段使いに最適・快適だと思いました。
373	4	使い捨てマスクでコスパ最強。安かろう悪かろうではなく、ちゃんとしたマスクでした。
374	4	購入したマスクは白色のもので、マスクの肌に接触する側の生地の素材は、やわらかくて感触としては良好と思います。耳ひもは平ゴムタイプで、５．５ｍｍの幅があり弾力性もあり、柔らかい素材で耳が痛くなることもないかと思います。ノーズワイヤーについては、ワイヤーが柔らかくて鼻の形状にセットしても、鼻のところに隙間ができてしまいます。ノーズワイヤーに少し難がある感じですが、マスク全体的には比較的良いものではないでしょうか。ほかのマスクと比較してもコストパフォーマンス的にはたいへん良いのではないでしょうか。半月ほど前に１箱試し買いをして、着用し使用してみたところで、今回の大量購入を決めました。代金はセブンイレブンで朝の出勤途中で支払いを済ませ、商品は支払いをした翌日には届きました。
375	4	毎日使うマスクだから小まめに新しいものに交換して清潔に使用できるのがいいです。他のマスクを買っていたら息子がこちらのマスクが良かったと言うのでリピートしました。すごく安くていいのですが真空包装してマスクが型崩れしているのが残念です。何枚かはすごくシワシワになり外出には使えるたものではありません。4つセットなのでシワを取るために全部開封して清潔なケースいれましたが、安いから仕方ないのかな…。
376	4	何回目だろ？ずっと買ってますが変わらずいい感じです。外に引っ張る力には強いですが、内側に引っ張るとすぐにゴムが取れちゃうところで星４つ
377	4	満足しています。私は理容業でカット時にお客様にマスク装着させていただいています。お客様の評価は悪いということはありません。大きさや柔らかさ等良いです。また、以前にも購入しました。マスクされていましたパッケージが以前はきつく、マスク使用時に延ばさないと使用できませんでしたが今回はそんなに強く押されていなかったので、良かったですが、もう少しパッケージを弱くしていただくと助かります
378	4	ものはしっかりしておりいいと思います。今はまだ長時間マスクをつけることがないので耳の痛みはわからないです。真空パックに入ってきたのですが、はじめてだったので驚きましたが包装紙などもかさばらずいいと思います。
379	5	子供がマスクをつける際に「耳が痛くなる」と言うので色々探していましたが、マスクのひもが太く優しい感じがしたので本商品を購入しました。結果「大正解」です。このマスクに変えてから耳は痛いとは一度も言わなくなり、大変満足しております。しかも「安い」。高いマスクで耳が痛くない商品は沢山ありますが、この安さは大変ありがたいです。コンパクトで置き場所にも困らないですし、不満は全くありません。まだマスク生活は当分続くと思いますので、必ず次もお世話になると思います。
380	5	激安です！レビュー評価も良いのでオーダーしました。
381	5	配送のスピードもはやく、商品も大変素晴らしいものだと感じました。
382	5	思ったより早く来ました。製品はゴム紐が幅広く耳に優しい感じです。以前ネットで購入したものは、匂いがしましたが、これは匂いがしません。値段も安く、お得なお買い物でした。
383	4	安かったのと、耳が痛くならないに惹かれて購入しました。確かに耳は痛くならないのでここはいいです。51枚を平らにして真空パックされて届きます。（薬局等で売られている箱をイメージしているとびっくりします。）開封して1枚づつ取り出す際に他のマスクにも手が触れるのでここはちょっとと言う感じです。コスパは最強ですが、値段相応でマスクはペラペラですね。1日に何度も交換して使い倒すのに向いています。
384	5	平ゴムでずっと付けていても痛みが緩和されます。真空パックに入っていて、保存がききます。
385	4	商品届きました。早速使用しています。耳は全然痛くありません。中国製ですが問題なく使用できそうです。
386	4	価格もリーズナブルで、商品も悪くないと思います。無くなったら又買おうと思います。
387	5	このマスクは本当に耳が痛くなりません。価格も安く、また、無くなる前に注文します。
388	4	リピ。コスパいいと思います。ゴムが太めなのと、気持ち短い？ので一般の安めの大人サイズマスクと比べると若干フィットする感じです。箱入りではないので、シワになっているものも結構ありますが、使用感が大きく変わるわけではないのでまぁいいかな。袋に入ったままでもわかる、結構目立つ黒い汚れがあったので−1。
389	4	まだまだ、マスクを外せるのも先みたいなので安くて使いやすいので助かります。
390	4	ありがとうございました！！！！！！！！！！
391	5	まだまだマスクは必需品なので、お安くなったので多めに購入しました。
392	4	使い捨てマスクで白色しか持っていなかったので、黒色を購入してみました。お値段がとても安いので、気軽に使い捨てできます。白色だと、ファンデーションが付いたりして、とても気になっていましたが、黒色だと気にならないから、いい感じです。紙質は、柔らかいとは言えませんが、そこまで気にならないぐらいです。これを機に、色んな色のマスク集めてみようかと思ってます。
393	5	値段は安いのに耳に優しく、付け易いマスクでした。出来れば裏表が分かりやすい表示が有れば便利かな。
394	5	リピート購入ですが、耳が痛くならないと価格が安いので買い得です。
395	5	本当に耳の後ろが痛くならなくなった。安かろう悪かろうと思って購入したのですが、嬉しい誤算です。無くなればまた購入しようと思えるマスクです。パッケージもあれで十分
396	5	最初は今使用している物よりも少し小さめに思えたのですが、ちょうど顔の頬のカーブに合うサイズでした。素材も柔らかくフィット感もありますし、平ゴムは初めてですが、今の処痛くならなさそうです。枚数もあって、日常的に使うのにはお得感があって有難いです。
397	4	家族で1人１袋マイマスクとして                   使っています
398	4	リピート購入しました。安定した品質で、コスパも良いです。
399	5	配送が早く、物もよいと思います。リピートです。
400	5	本当に耳が痛くなく快適です！マスク生活の今では少しでも快適なマスクが必要ですね。
401	5	値段も安く、平ゴムなので耳も痛くならないしいい買い物ができました。ありがとうございました。
402	5	長時間使用していると耳が痛くなるマスクが多い中、これは、安くて耳が痛くなりにくいです。匂いや直ぐひもが切れる等の不具合も特にありません。
403	5	マスクしていると眼鏡もかけているのでどうしても耳が痛くてストレスでした今回、このマスクは耳も痛くならず快適ですありがとうございました
404	5	毎日使うものなので、大容量で安く購入出来て嬉しいです。
405	4	耳は痛くなりませんが、耳が熱くなる感じがあります。それ以外はしっかりしたマスクです。
406	5	家族のために購入しました。安い不織布のマスクで、耳が痛くなり、肌荒れもしていたのですが、こちらのマスクに変えてからは改善されたようです。使い心地もとても良いみたいです。お安く購入できて良かったです！まとめ買いしましたが、また無くなったら購入したいです。
407	5	ゴムはやわらかく耳が痛くならない。不織布は少し薄く感じた
408	4	とてもお買得だったと思います。少し薄いのが気になりました。
409	5	耳が痛くなくてこの値段はやすい！満足です
410	5	コスパ最高！！耳も痛くないし、毛羽立ちも無い。リピ確定です☆
411	5	2回目の購入です。主人が1日2・3枚使うのでこの値段でこの枚数それに紐が太いので耳が痛くならないとてもいいですd(`･∀･)bつけ心地も悪くないです( ´∀｀ )b
412	4	紐が太く柔らかくて耳が痛くならないですただ51枚中数枚シワシワなのがあったのが残念
413	4	耳に負担がなく、いいですね。少しマスクが硬いように思いますが、使いやすいです。
414	5	毎回大量購入しています。装着感は大変満足してます。次回もこちらから購入します。
415	4	耳が痛くて、普通のマスクがつけれない息子のために購入しました。調子がいいようです。ひとつ残念なことは、圧縮されて届くために、しわしわのマスクが1袋に数枚はあります。
416	4	必要十分な品質です。耳が痛くならない考慮がされてます。(でもまぁ、半日もすれば痛くなります)
417	5	少し大きめに感じますが、1日着けても耳が痛くなりませんでした。箱ではなく、袋の包装なので、一部シワが寄っているものもありますが、この枚数で、この価格なら、また購入したいです。
418	4	耳のヒモが痛くなくて良いです。ただ、真空で入ってるので変に折れてるものや、シワくちゃの物もありました。一度開封するとそのままでは不衛生なので、各自で保管用のストックBOXなどの準備が必要です。
419	4	耳が痛くならないので良かったですが、少し薄い感じとはじめは匂いが気になりました。
420	5	たくさん入ってるので、助かってます！耳も痛くならないのでいいです。
421	5	今回は色違いでリピしました。また、リピします
422	5	耳も痛くなく、変なにおいとかもしないし、大変良いと思います。次もここで頼もうと思います。
423	5	黒マスクを購入。確かに耳ゴムが太くて耳にやさしい感じ。薄い感じもしますが、まあ大丈夫でしょう。
424	5	お安く購入できましたが問題なく使用できます。
425	5	耳が痛くなりがちだったので、痛くならないものを探していたところ、こちらの商品を見つけ購入しました。説明にあったように耳に当たる部分が太くなっていて柔らかいので長時間、着けていても負担にならない感じです。量もたくさん入っていて安かったので満足してます。
426	5	2回目の購入です。耳が痛くならないし、コスパは最強です！毎日つけるので助かります。無くなったらまた注文します。
427	5	ヒモが平たくて、長時間着けていても耳がいたくなりません！とても良いです！
428	5	確かに耳が痛くならない優しいマスクでした。お値段もお安く助かります。まだまだ必要なものなので、在庫をみながらリピートしていきたいと思います。
429	5	耳が痛くなりにくくよかったです！また購入したいと思いました。
430	5	耳が痛くならないので 買って良かったです！またコスパも良く配送も迅速で大変満足しました！
431	5	発送も早くて良かったです。マスクも耳が痛くならずゆったり掛ける事ができて快適です。お安く購入できて良かったです。
432	4	価格が安く、発送も早かったので、満足しています。
433	5	すぐに届きましたし、けばけばにならず使いやすいです！暇も平たくて耳が痛くならずありがたい。
434	4	リピーターで何度か購入しています。マスクは消耗品で割安感があり、大変、助かります
435	5	とても早く届いて助かりました。お値段の割にたくさん入っていてとても良い商品です。また利用させて頂きたいです。ありがとうございました。
436	5	迅速な発送ありがとうございます。耳も痛くならないです。リピ買いさせていただきました。
437	5	使いやすく、すごく助かっています。またリピートしたいです。
438	4	購入前は、不織布の臭いが気になるかと心配しましたが、実際につけてみて気になりませんでした。コスパよく高性能と思います。加えて、幅広の平ゴムで耳も痛くならず装着感満足です。白色のマスクはこれで決まり。(幅広平ゴムで黒以外のカラの販売を期待します。)
439	5	長時間使用しても全く耳が痛くなりません。コスパも大変良いと思います。リピート購入させていただきます！
440	4	迅速な発送ありがとうございます！また購入させて頂きます！
441	5	耳が痛くならないマスクでとても良いです。毎日の通勤で使い捨てなので、安くて助かってます。またお願いします。
442	5	再リピートです。他のマスクを検索する必要がないです。
443	4	ちょっと発送までに時間は掛かりましたがレビュー通りの商品で助かりました。
444	4	お安く買えて良かったです。耳も痛くなりません。
445	4	必需品の定番になってしまいました。感染者も増えていますし、またマスク不足になることもあるかと思い購入してしまいました。物は良くも悪くも普通に使うには良いですよ。
446	5	こんなに安くて大丈夫？と心配になりましたが、ドラッグストアに売っているものと遜色なく、一日中つけていても耳が痛くなりませんでした。
447	4	ストックとして購入したため、まだ使用していません。耳が痛くならないを期待しています。
448	4	娘がメインで使ってます。個別包装だったらもっと良かったなぁ&#12316;っていうのが率直な意見です。50枚ずつ入ってると全部はケースに移せないし…でもまぁ安いので仕方ないですね！耳は痛くなってないみたいです。
449	4	主人用に白を購入。耳が痛くならないマスクを探していました。朝から夜まで装着して少し耳が痛くなるとは言っていましたが不満はないそうです。これからは不織布マスクが必須なので購入してよかったです。
450	4	以前にこちらのマスクを購入し、低価格、耳が痛くならない、柔らかくて肌触り良し、大きめだけど使いやすい、と、家族から高評価だったので、リピートしました！なくなりそうな頃、こちらをまた購入すると思います。
451	4	まだ使用していませんが。思ったよりしっかりした作りになっています。箱ではなくA４サイズほどの袋に平らに入っているので、かさばらずに保管ができて良いです。
452	4	リピートです、柔らかく長時間つけていても耳が痛くならないしゴムが切れることもないです。まだマスクが必要そうなので購入しました。また長引くようであれば購入したい商品です。
453	5	知り合いに頼まれて二度目の購入。耳のゴムが広幅で、ずっとつけていても痛くなりません。匂いも無し。リピート商品です。
454	4	コスパ最高です。ゴムも太くて当たりがソフトです。嫌な匂いもありません。今回大量に購入したのでしばらくあると思いますが、次もこれを買いたいです。
455	5	時間がかかるのかと思ったのですが、注文してからすぐに届きました。
456	5	家族全員で使用。耳が痛くならないので使いやすく、価格も手頃なので助かります。
457	5	発送も早くてすぐに届きました。特に問題はないと思います。
458	4	包装表面にべたつきがありましたが生地的に良さそうな印象です。問題なく使えると期待して☆４です
459	4	この状況では今年いっぱいはマスクが必要なのかなぁと思いコスパの良さそうなこちらの商品を購入しました。着けた感じ肌に違和感も感じなかったので満足です。商品到着時袋開けたら真空パック？で商品がマスクなのか不安になりました(笑)
460	5	着け心地が良いです。毎日使うので量も多くて助かります。
461	4	一日付けていても耳が痛くならなくて、購入してよかったです。真空パックなので、何枚かしわがあります。それ以外は、今のところ問題ありません。
462	4	ゴムが柔らかく，痛くならないので気に入りました。
463	5	耳が痛くならないし、ごわごわせずつけてても肌が痛くないです。
464	5	良いマスクです。店の対応も良いのでいつもこちらで購入しています。
465	5	柔らかい素材で少し薄い感じもしますが、着け心地が良く耳も痛くならないので大満足です。また購入したいと思います。
466	4	家族みんなで使うのですぐになくなってしまいます。コスパが良く助かります。品物的にも問題ありません。
467	5	耳も痛くならなくて、とても良い。また買います。
468	5	リピートです！毎日仕事で使用するので安くて配達早くて、助かります！耳も痛くならず、かゆくもならない。鼻もホッペもフィット感よい。
469	5	子供が学校に毎日着けて行くので、安く購入出来、助かります。
470	5	コロナ禍となりこちらのショップで何度もリピートして購入しています。まだまだお世話になると思いますので引き続きよろしくお願いします。
471	4	ちょっと薄いかな、という感じですが耳も痛くならないし快適に使用しています。少し小さめサイズ発売してほしいです。
472	4	カラー不織布マスクは初めてでした。耳が痛くならず使い心地がよかったです。
473	5	素材も柔らかくて、紐も幅が有るので、耳がいたくないです。
474	4	紐も軟らかく、つけ心地に違和感は感じません。女性は女性用だといいのかと思います。
475	4	マスクの薬品のような匂いがしていたり、鼻のところのワイヤーが弱くぴったりとホールド出来ないため、マイナス１としました。匂いは干しておいたらマシになりました。耳のゴムは柔らかく1日装着しても痛みなく使えて良かったです。
476	4	まだ使用していないのですが、毎日使うものなのでこのお値段で購入できるのは大変有り難いです。
477	4	リピートしました。耳も痛くならないし、呼吸もしやすく長い時間つけていても気にならず付けれています。
478	5	リピートです！中学生の子供の毎日の替えに購入です！圧縮のため、確かにシワはありますが、あまり気にならないです。耳ゴムは太く柔らかくとても良いです。今のところ紐がちぎれるとか汚れなど、全くなく、快適につかわせていただいてます！また、リピートすると思います。
479	5	毎回リピート買いでお世話になっています。
480	5	リピ買いですこの商品はホントに耳が痛くなりませんこの価格でBFＥ PFEともに99％以上で品質コスパ大満足ですまたリピします
481	5	真空に近いパックで届きました。多少歪んで包装されているものもありましたが、お安いので！つけてみた感は毛羽立った感じもなく快適です。他のマスクでも特に耳が痛いと感じたことはないですが、こちらの商品平ゴムなので痛くなることはなさそうな気がします。お買い得でした。
482	5	柔らかい不織布で艶のある黒、お気に入りです。コスパ的には何の不満もありません。
483	5	素早い対応でとても助かりました。使用感も良いです。
484	5	主人が耳が痛くなり困っていたので購入してみました。こちらだと今のところ痛くならないとのことです。価格も良心的で大変ありがたいです。
485	5	コスト的に薄さ、匂いがあるのかな？と危惧しておりましたが、薄すぎず、匂いもきになりません。購入に間違いはありませんでした。
486	4	今まで使っていたマスクより気持ち、ほんの気持ち薄く感じます1日つけてもゴムが切れるなどトラブルはありません圧縮されているので、数枚くしゃくゃで使えないので星一つ削りましたお値段を考えれば充分です配送も早かったです
487	5	予定ではGW後と書いてあったのにめっちゃくるの早かったです。ありがとうございました&#128522;
488	4	発送までがかなり早かったし、商品もとてもいいと思います。
489	5	コロナ対策で利用しました。とてもいい感じです。
490	4	とても安くレビューも良かったので購入してみました。まずは圧縮されたマスクが届いたのは初めてだったので驚きました。出してみるとちょっとシワシワ…。 でも耳の紐もしっかりしていて引っ張って切れる粗悪品ではなかったです。顔小さめなので、私には少し大きめでしたが、パートナーにはぴったりでした。
491	4	前回同じものの50枚入を購入し、本当に耳が痛くならないのが気に入って大容量を購入しました。しばらく、今後の生活にはなくてはならない必需品なので安いのもありがたいです。以前別のショップで購入したマスクは数個は紐が取れてしまうことがありましたが、この商品はそのようなこともなく、快適です。
492	5	柔らかくてつけ心地が良かったです。家族も気にいってます
493	5	やっと耳が痛くならないマスクに出会えました。黒にしましたが、やはり日光の下ではちょいと暑いかも。次は白でリピ予定です。
494	4	配送も早くかさばらない梱包でよかったです。まだまだマスク生活が続くのでお安く買えてよかったです
495	5	安くて早くてゆうことなし。商品も綺麗でした。
496	5	今まで何度かマスクで失敗しましたがこのマスクは紐が切れることもなくしっかりした作りです。値段も安くとても満足です。
497	5	においも気にならないし、付け心地も問題ないです。まだまだコロナが落ち着かないので、安くまとめ買いができて良かったです。
498	5	今まで色々なマスクを買ってましたけど、このマスクほんとに耳痛くならないし、すごく柔らかくて毛もたたなくて鼻がくすぐったくなくてすごく良かったです。それにこの値段はビックリです。また、なくなる前に買おうと思います。
499	4	細い紐の方にあたったのか、耳が痛いし何個か紐が切れました！でも黒い不織布を探していたのでお値段も安くて配送も早かったので満足です！
500	4	とにかく安くて安心・使い心地が良いものをと思い、購入しました。シンプルに良いです。
501	5	黒購入。耳がいたくならなくて、ずっと付けてても苦になりません。値段も安くて良いとおもいます。想像していたよりは少しテカリのある黒色でした。
502	4	安いので透けたりしたら嫌だと思ってましたが大丈夫でした。発送も早くて満足です。ただ長時間使用すると耳は痛くなるので星4です。
503	5	圧縮して発送してもらって、凄く良かったです。また利用したいです。
504	5	51枚ずつ真空パックになっているので、必要な分だけ出せて使いやすいです。
505	5	耳のゴムが柔らかくフィットするので良いです。価格も安いのでリピート購入したい
506	5	注文後、素早く届いた。価格も安く少し心配したが、何も問題なかった。また、リピート購入したい
507	5	素早いくて、コンパクトな包装ありがとうございます&#10071;
508	5	たくさん入っていて、安く手に入り良かったです！
509	5	顔が大きいので、若干ゴムひもがきついですが、つける前に少し伸ばせば大丈夫な程度です。
510	5	１ヶ月使用しましたが、幅広の柔らかいヒモが切れることなく、つけ心地もゆとりもあり、おすすめのマスクです。
511	5	スーパーsaleで、時間がかかると思っていたのですが、商品がすぐに届き助かりました。
512	5	５０枚入りを購入して気に入ったのでリピート購入しました。とにかくゴムが柔らかくて使いやすいです。なのにこのお値段はびっくりです。また購入したいと思います。
513	5	耳のゴムが太くて全く耳がいたくならないのでとてもよかったです！リピ買いしたい商品です！
514	5	値段以上によかったので、リピートしました。
515	5	柔らかく、耳も痛くならない良い商品でした。
516	5	しっかりしていて、耳も痛くならずに良かったです。
517	4	安くて満足してます。圧縮パックに入っているので、何枚かシワが気になりますが、付けてしまえば問題無い感じです。紐が幅広になっているので耳は痛くならないです。ごわごわ感も無くて値段も安いので満足してます。
518	4	毎日使うものなので、安くお得に買えました。梱包は圧縮されたものが届くので、ビニールを開けると封が開きっぱなしなので家にあるマスク入れに保管してます。耳もいたくならずよかったです。
519	5	問題なく使用できます。問題なく使用できる製品がこの価格で手に入るのはありがたいです。
520	5	すっごく使いやすくて、真空パックになっているので保管するのにもとても助かります！見た目はムック本のような冊子みたいなサイズでパウチされて届きました！これも重ねて保管しやすくとても良くて、マスクも使ってみて耳が痛くなく呼吸もしやすく仕事中も結構動く仕事ですが呼吸しやすくたすかってます！
521	5	値段もリーズナブルで大変お得な商品を購入できました。
522	5	迅速で丁寧な梱包、配送でした。マスクも安かろう悪かろうではなくちゃんとしていました。また利用したいです。
523	5	使っている 黒マスクが なくなってきたので 注文しました ゴムも 痛くなく まて リピしようと 思います
524	5	コロナが終息しない中、ウレタンマスクの性能をかんがみて、夏も終わりましたので不織布マスクを探して購入しました。コスパが良く、性能を良いため、日常使いしたいと思います。また、次回の購入を検討中です。
525	5	今までで購入したマスクで一番です。真空梱包がいい
526	5	お値段も安く、発送も迅速に行なっていただき助かりました。
527	5	お安くて大満足です。耳のゴムも柔らかくて、付け心地もいいです。普段は布マスクですが、これだけお安かったら、毎日使い捨てマスクでも良さそうです。
528	5	２度目の購入です。素材も柔らかく平ゴムで耳が痛くならない。ゴムも切れたことがなく、コスパも良いのでまたお世話になります。
529	5	発送も早く、まとめて買えて良かったです。マスクも問題なく使えています。
530	5	お手頃価格で200枚購入、マスクは耳紐部分も硬過ぎず、マスクも標準的だと思います。コスパとってもよいです。
531	3	値段の割にキツすぎない。枚数が多くて頻繁に買わなくていい。
532	3	平ゴムで値段も良くて使いやすい、また購入させていただきます。
533	3	いつも使用している爽快適のマスクが200枚で安く購入出来ました。ただ50枚づつ袋にまとまって入ってるのがちょっと残念かなと思う所が-1ptです。
534	2	もぅ何回もリピしているのですが今回のはヒモがつける時などよく切れます(|||´Д｀)今までほぼなかったのになぁ…
535	3	これまで5回ほどリピートで購入しましたが、急に500円以上値上がりしてビックリしました。輸送費等のコストが上がってるので仕方がないかなとは思うのですが、今まで圧縮されてコンパクトに包装されていたものが今回から箱入りに変わっていました。ゴミ捨て等の処理が非常に面倒になったので、箱入りか箱無し簡易包装タイプかどちらか選べるようになってほしいです。
536	1	左右の端の中央部が浮きます。すき間ができるので、せっかくマスクをしているのにそこから何か入ってきそう。せっかく買いましたが、2枚使って、残りは捨てました。
537	3	SOKAIYEKIが好きで、安かったので買いました。いつもショップより、ゴムが見た目も、測定しても短いです。が、使う前に伸ばしてから使ってます。ゴム幅はしっかりあるので許容範囲です。
538	3	仕事用にと購入しました。安かったので即買いしましたが、さいずを確認しなかった自分も悪かったのですが、Lサイズでした。私は顔が小さいのでちゃんと確認すればよかったと反省してます。
539	3	梱包が変わっていて、同じ商品なのか開けないとわからないですが‥。耳が痛くなりずらくて、このお値段なので重宝してます。
540	3	無くなるといつも注文しています。ゴムも太くて耳も痛くならないので、家族みんなで使っています。今回来た商品はゴムが外れるのが何度かあって今まであまりなかったので、ちょっと残念でした。
541	3	黒マスク購入。んー、、、。マスクがビックリする程クシャクシャ。薄くて息苦しさ軽減してるからなのか、普通の厚さ（普通の）のマスクより、シワが付きやすいのか、みんなもれなくクシャクシャで何とも残念な見た目をしてる。使えん事はないから使うけど、普通の綺麗な商品が欲しい使いたいと言う人は注意して下さい。この商品を購入された他のかたは、このクシャクシャは気にならんのか、、、不思議ゃゎ。
542	3	今、使っている物と比べるとちょっと薄いようですが、夏ですし使い捨てなので許容範囲です。5.5mmの平紐はいいですね。
543	2	マスク的には問題ありませんが耳のひもが片方5ｃｍも短いものがありました。ひものせいで耳がシュウマイのようになってしまいますどういう生産体制なのか疑問ですあとで画像載せます
544	1	ノーズワイヤーが入ってないものが多く、びっくりしました。交換していただけますか？
545	3	コスパ最高です。耳も痛くならなくて、またリピしようと思います。
546	1	他社の格安マスクも購入したことありますが、ここの品質が一番悪い。1.生地が硬い 2.耳ひもが薄く、よれよれ3.梱包も雑。(これは我慢できるが)生地のせいか知らないが、このマスクを着けてから日に日に口回りがかぶれ？荒れ？始めました。なぜ16冠もいくのか不思議ならない。
547	3	企画が日本なだけで、中国製なのは致し方ないかと。とは言え、価格も割安で箱じゃない事で場所を取らない(圧縮の弊害も無くはないけど)のは保管場所も困らなくて良いかも。マスクケースがないと取り出しの時手間取るけど。何にせよ安い。ただ、有効期限2年で製造が昨年の夏…。やはり気にはなりますが、安い理由はそういうものなのかな。
548	3	商品は良かったです。が、誰かにあげるなどの時は梱包は最悪なので気を付けて。
549	3	見た目は普通の不織布マスクですが、着け心地はしっかりフィットする感じで、掛けゴムのせいか長時間着けても耳の後ろが痛くなることはないです。ただメガネが曇りにくいかどうかは微妙ですね。
550	2	今まで使ってたのよりめっちゃ薄いので、本当に3層構造かと心配になるくらいです。あと、ノーズワイヤーが、今まで使ってたのより短い。また、個包装じゃないので、早く使い切りたいと思ってます。セットで安いかと思ったが、製品がイマイチなので、もう買わないと思います。
551	3	確かに耳は痛くなりにくいタイプです。自分にとっては若干小さめでした。次は大きめサイズを選びます。
552	3	写真のように箱入りではないのでマスクに折り目が入っていたものもありましたが毎日必要なもので自宅用なので安いのは助かります問題ありません 中国産です
553	3	追記です。ゴムの幅は広めですが、以前同じタイプの他社商品を使っていた夫から、これは耳が痛くなる、と言われました。男性には少しキツめかもしれません。お一人様400箱まで、箱、と書かれていたのと、よく読んでいなかったため、勘違いしておりました。真空パックで配送するため安くなっているとの事ですが、安くなくて良いので箱で欲しかったなと思いました。他にも勘違いされた方がいらっしゃったようですし、私のようなうっかり者に誤解を招かないためにも箱、の表記は消された方が良いのでは？
554	3	ゴムの太さ、タッグの向きを考え購入しました！この枚数でこの価格は良いんじゃないかな？と思っています！
555	2	前で買った時と比べて、不織布の生地がかたくガサガサしていました。残念でした。
556	3	作りは思ってたより丈夫で耳も痛くなりませんでした。ただシワが気になりました。
557	3	お得に購入出来て良かっです。またリピしたいです。
558	1	三層構造と書いてあったので、購入しましたけど全然違いますので、今後はしっかりと改善して下さい。
559	3	確かに紐が太く、耳が痛くなりません。ただ、ちょっと生地が薄い感じがします。その分呼吸がしやすく、メガネが曇りにくいということなのかと・・・。しばらく他のマスクと交互に使いながら、次回の購入を考えたいと思います。
560	3	眼鏡が曇りにくいマスクを探して、こちらを購入しました。マスクの上に眼鏡を置かないと、やはり眼鏡は曇ってしまいます。しかしながら、コスパが凄く良いですね。罪悪感なく使い捨てが出来るので衛生面も◎です。
561	1	思ったより、ペラペラで驚きました。本当に日本製品なのか、合格証はChinaになってました。かなり、がっかりです。
562	3	お安いですしほんとに耳が痛くならないです。オメガタイプが好きじゃないのでこちらのマスクをリピしています。ただ圧縮タイプなのでどうしてもシワが入ってます。
563	2	サイズが大きすぎました！1つずつホチキスで直しています。
564	1	マスク生地が薄くて呼吸するたび鼻に吸い付く。すっごく息苦しい。
565	1	ヒモがすぐ接着面から取れてしまいます。開封時点で既にヒモが取れた状態の製品も数枚入っていましたので、検品していませんよね。出先で急に取れてしまう事が複数回あったのでもう付けたくないです。100枚ぐらい残っていますが全部捨てます。
566	2	３層構造とのことだったので少しは厚みがあるのかと思っていましたが、30枚で110円のマスクと変わらない厚みでした。鼻のワイヤー部分が鼻に沿う感じではない隙間が出来てしまったり、匂いも気になりました。ゴムの部分に関しては耳が痛くならず良かったですが、このマスクなら正直、200枚もいらないです。
567	1	佐川急便の保管期間に一度だけメールがありますが、それを見逃してしまうとキャンセルするのも再配達するのも1600円が取られる！1500円ほどの物を買って納得いかず！たった一度のメール連絡では、店の対応としてどうなのでしょうか！
568	2	真空パックにギュウギュウ詰めなので、使うときはシワくちゃです。使ってるうちに馴染むのでなんとか使ってますが、普通だと人前で使うのが恥ずかしくなるくらいのシワです。それと普通サイズのマスクより、一回り小さいです。顔が小さい人は困らないと思うけど、顔が大きい人には微妙なサイズ感かも。使えなくはないので使い切ります。使い始めた時点では、リピは無いなと思うのですが、使い切る頃には慣れてると思うので、安さに負けてリピしちゃうかもです。
569	3	毎月義理の父に送っていて、今回は夏用としてこちらを送った所、使いやすいとの事でした。
570	1	中国製のサイズバラバラのものが届きました
571	3	最初手触りは、あまり柔らかくなかったので、肌への負担がおおきいのではと思たのですが、実際装着したところ何も問題なく使用できました。息苦しいこともなく、耳もいたくありません。1点欠点をいいますと、51枚が一つの袋に入れられている点はがっかりです。別の店舗で購入したものは、３つに梱包されており使いやすかったです。一度袋を開けると、別のケースに保管しなければならないのが残念です。
572	1	前回購入した時は安くてしっかりしていたので気に入って今回リピしたのですが、今回のは何十枚もゴムが切れてしまい本当に残念でした
573	1	ゴムの接着が非常に弱く、着けているだけでよく勝手にゴムが外れ、壊れてしまいます。そのため、予備のマスクを持ち運ばなければいけません。やはり安いだけ、質もあまり良くないように感じます。
574	3	発送も早く今試着しながらレビュー書いています。やわらかいからかなぁ~生地が薄いと感じました。パリパリ感もなくゴムもふわふわで長時間の着用も苦にならなそうです。が…1枚目から片耳ゴムがねじれてついてる!!これが我慢できるか、出来ないか？ゴム捻れて付けてるだらしのない人風になります。後はぎゅうぎゅうに圧縮している真空パックで届くので角等折れています。これも我慢できるか？って感じです。
575	2	やっと出会えた。いろんなとこで買いましたがこれ凄く良いです。紐もしっかりしているし自分自身顔がデカいのですが全然O.Kです。それになにより毛羽がたたないのがいいですね。リピ確定 ただ個別包装ではないので気にならない人にはサイコーです。※やっぱり駄目でしたね最初のは良かったのですが2個目開けたら耳ゴムが小さく耳が痛くなります。さすが中国産です。一つ目のはわかりませんが2つ目のロッドナンバー202012のやつです。
576	2	リピートですが、前よりゴムが短くなったようで、きつく感じます。あと、ゴムがすぐ切れてしまうことがしばしば…前はそんなことなかったのに、残念です。生地感や平ゴムはコスパの割にとてもいいのに…
577	2	ポスト投函できるようにか薄いパッケージングをしているため、マスクが圧縮されクチャクチャ。マスク紐に汚れも付いていたし、やはり中国工場での品質管理は信頼性低い。
578	1	リピートで２００枚購入しましたが、前回の商品とは違って平ゴム5ミリ無いです。耳が痛くなってきました。まとめ買いしてしまったので残念です。規格が変わってしまったのでしょうか。
579	2	安かったので仕方がないかも分かりませんが、結構シワがきつく、人前では少し恥ずかしいくらいのものもありました。使用感は良いので、少し残念です。
580	3	前回子どもが使うのに購入し、今回は同じ商品のリピート購入でしたが、今回はゴムが伸びにくい？のか、痛いと言います。製作時期によって違いがあるのでしょうか…。前の商品は残っていないのでサイズなど比べてはいないので、あくまで子どもの主観、です。
581	2	圧縮の袋に入って来たので、マスクはシワシワでつけると恥ずかしいです…。気にならなきゃ大丈夫だと思います。
582	3	単純に一番安いマスクを探してました。満足しています。
583	2	顔の大きさは小さめとも言われるけど、まだ1枚しか使用していないので着けたマスクがたまたまなのかもしれないが、ゴムが短いと思われ数時間着けていると耳が折れてくるし痛い。不織布は厚めなのか肌当たりは硬めに感じる。
584	3	袋の入り方がかさばるから残念使いにくい
585	2	ノーズワイヤーがフィットしません。51枚が１袋に入っていて、保管しずらいです。
586	3	すべて旧パッケージでしたすこしゴムがきついかも
587	2	ゴムが長い？大きい？隙間が空く……。200枚もどーしよう……。レビューが良かったから黒を購入。感触もキシキシ。テカテカで何回も｢おかしくない？｣と聞いた。
588	1	安いから文句言うのもあれなんですが、顎の下からが長すぎて形が変だし、ノーズ部分は折れ曲がり辛く、形が整えられなくて隙間があいてしまうので感染予防には心許ないと思います。そして51枚を一袋にまとめた後圧着して封をしているのですが、封した部分に耳ゴムが挟まってい圧着されていた為、ゴムが千切れて何枚か無駄にしました。安かろう悪かろう、200枚もあるけど使うの嫌です。
589	3	枚数が多く沢山の人と使用出来た(^^)真空パックしてくれてるのですが、使用前にシワがあったのが少し残念でした。耳は長く付けてても痛く無いです♪
