	score	comment	INPUT_URL = "https://review.rakuten.co.jp/item/1/351180_10000738/1.1/"	# 6771
0	4	耳ゴムが幅広で、息苦しさのない折り方で、大きめです。お買い物に行くときなど、人と会話しないときに重宝しています。薄めなので、混雑や会話が多そうなときに使用するのは心配なのと、他のかたのレビューにありましたが、マスク箱の中のビニール袋が密閉されていないところが★−1です。今回買ったマスク（ライトパープル）と、同じ折り方のアイリスオーヤマのやわらかマスク（白色マスク）を重ねて写真撮ったので、大きさなどの参考にどうぞ(^^)
1	4	色が付いているタイプを初めて買ってみました。私は良いと思うのですが、子供達からは大ブーイング。。。
2	5	マスクはまだまだ使うので家族が多いとすぐなくなります。お安く買えて良かったです。一箱角が潰れていましたが中身は大丈夫そうです。配送中に潰れてたんでしょうね。
3	5	我が家は白いマスクが必需品で二回目の購入です。ごくごく普通のマスクですが、家族みんなで使えるこのマスクが重宝しています。すごく小顔の娘も、かなり顔のデカい息子も同じサイズを使っていますが不都合はありません。安くて、耳が痛くなったりもなく、使い心地も悪くないので充分満足しています。
4	5	ふつう！安くて普通って…とても良い。変な匂いも無かったし、サイズも大丈夫。小顔の21歳娘にもデカい顔の25歳息子にも問題なく使えました。医療系の職場でバイトする娘は二枚重ねするので、だだくさに使えるこの量がとてもありがたいです。大満足。
5	4	女性には175×95少し大きいです。耳の部分を結べは大丈夫。息子にはこのサイズで問題なし家族全員で使うには、大きいと思う人が耳ヒモ結ぶ。4箱中2箱の中の袋が開いていた。
6	5	今回は、白と水色を購入。ほんとに楽です。家族みんなで愛用してます。また、リピートします
7	5	今の時期の必需品として購入させて貰いました。
8	4	安価で使いやすいです。商品の不備もないでよ。今回で3回目の購入です。
9	5	家族からのリクエストで２回目のリピです。肌触りやゴムの加減がちょうどよくお気に入りです。無くなったらまたコレです。
10	4	真ん中でプリーツが別れているマスクが欲しくて、値段も安いこちらの商品を購入しました。本当はネイビーが欲しかったんですが、小さいサイズはチェリーブロッサムしか在庫がなかったのでそれを購入。少し紫よりのピンクで少し派手かなぁと思いましたが、今では違和感なく使っています。
11	4	マスクの一番上のプリーツが上むきなものがなかなかなく、こちらを見つけて購入しました。こういうプリーツのマスクはやっぱりつけ心地が良くて娘も気に入ったようです。ただ、普通の小さめマスクと比べて少し大きめなので、注意です。
12	5	仕事で1日中付けてても耳が痛くなりません！ゴムが取れたりもせず、丈夫です。唇も今のところ荒れてないです！
13	5	ゴムも柔らかくて全然耳痛くならない！！大きさもちょうどいい&#12316;&#128582;&#127995;&#8205;♀&#65039;
14	5	今回も大変満足しています。耳がいたくならないし、顔にも非常にフィットしており、いい商品だと思います。発送も非常に迅速丁寧でした。
15	5	耳がいたくならないし、顔にも非常にフィットしており、いい商品だと思います。発送も非常に迅速丁寧でした。
16	5	今使っているアイスグレーが売り切れだったのでライトパープルを購入しました。すぐ届いたので良かったです。
17	5	2回目の購入です。外観、中身問題ないです。この商品だと不織布で肌が荒れないのでリピートです。ケバケバもせず、呼吸しやすいのでまたなくなったら購入したいです。
18	4	主人が使用しています。密着具合がよく、耳が痛くならないと言っています。外回りをしているのでマスクを数枚持ち歩いているので、個包装だったらなお良かったです。
19	5	数回目のリピートです。ゴムの切れなどもなく、また購入したいと思います。
20	4	リピート購入ですが４箱中３箱が箱が潰れて届いたのは初めてです。商品自体に問題はないと思いますが。主人用に購入しているので今まで特に何の問題なく使っているので今回も大丈夫だと思います。
21	5	しっかりしていて、きれいなマスクでした。安くて良かったです。
22	5	マスク不足だった頃からもう何度目かのリピートです。今となっては近所のドラッグストアや100円ショップ等で安く購入できるのでしょうが、ゴムの柔らかさやプリーツの形状など、使いやすいのが分かっているので、ストックが無くなりかけたらこちらでポチっています。
23	4	毎日使う物なので大容量が安くて助かってます。ただ、やはりメガネは曇ります…。使用する本人が気にしていないようなのでこちらを利用してます。
24	5	リピートです。耳が痛くならないし、値段も手頃です。また、購入します。
25	4	思っていたよりピンクでしたが耳が痛くならないので満足です。
26	5	マスクとしては普通の不織布マスクですが、他と比べて単価がかなり安かったので購入しました。安かろう悪かろうなものではなく、今まで使っている感じではしっかり検品もされているように感じました。毎日使い続けるのに特に問題はなく、耳の裏も痛くなることはありませんでした。またセールなど機会があればリピートしたいと思います。
27	4	チェリーブロッサムの色を購入。色は落ち着いた色でアラフォーでもつけやすいです。やや色むらがある感じもしますが、こういうのが普通なのかもしれませんが。マスクは女性にはやや大きめですが、きつくなるのが嫌なので自分にはちょうどいいです。幅広のゴムで耳が痛くなりません。売り切れの色もありましたが、幅広のゴムで色付きのマスクがなかなかないので、こちらで購入できてよかったです。しかも1箱50枚入りで500円をきっていて、かなりお買い得です！
28	5	これ以上コスパの良いのはない。耳が痛くならず、マスクの機能も問題ない。自分の息が全体的に出るので、上方向への集中がないのが良いと思う。息が上方向に来るマスクタイプは、目に悪い。目垢が大量発生する。菌が繁殖している証拠だ。紙タイプ以外はこの傾向にあり、マスクの機能としてはいただけない。マスクにオシャレは不要。
29	5	こちらの爽快的立体 オメガプリーツタイプを初めて購入してからはずっとリピートしてます！今回初めて立体マスク KN94タイプも一緒に購入してみました。ゴムの長さ(きつさ)もちょうど良くてこちらもすごく良かったです。今回アプリコットは品切れだったので白とサンドベージュを購入しました。次はアプリコットも試してみたいです！
30	4	リピ買いで２回目の注文です。不織布マスクなんてどれも大差無いやろ―、安けりゃええやろー、って思ってた時期が私にもありました。しかしながら安いやつは所詮安かろう悪かろう。100枚買って、80枚以上がゴムの圧着が弱くて酷いのになると耳にかけただけで「ﾌﾞﾂｯ」って取れてしまう。それでもこれだけコロナが大流行していつまで経っても怖くてマスクが手放せない。1日１枚で消費していくからやっぱりコスパも捨てられない。で、まぁダメ元で買ったらあら素敵。安いのにちゃんとしたマスク。不良率もゼロ。マスクとしての機能はちゃんと測定した訳ではないですが、真隣のデスクの同僚がコロナに感染して、ほぼ同時期に前後の同僚も感染して計3名が自宅療養に追い込まれた中、私はなんとも無かったのはきちんとこのマスクをしていたおかげなんだろう…と思いたい。星一つ減らしたのは、マスクの大きさは平均よりも顔がでかい私でもちゃんと鼻のアタマ〜アゴ先までカバーしてくれるので満足してるんですが、ゴム紐、もうすこし長くなりませんかね…という。形状は耳が痛くなりづらい形状なんで有難いんですが、さすがに「長さ」という物理的な要因はどうのしようもなく、耳が痛くなってしまうのです。それでも極端に短い訳ではなく、普通の人には十分の長さだと思いますけどね。
31	5	３回目のリピートで累積600枚の購入です。 この商品は１日中装着ていても本当に耳が痛くなりません。この商品を家に忘れて外出してしまうと最悪です。急遽コンビニなどで購入しますが、耳が痛くなってどうしようもなくなります。２年ぐらい前のマスクが手に入らなかった時からの出会いで、非常に良いマスクと出会えて感謝しています。いつまでコロナが続くかわかりませんが、よろしくお願いします。
32	4	これまではアイリスオーヤマの箱入りマスク(50枚440円。職場でまとめ買い)を使っていましたが、なくなったのでこちらを購入。安くて、安全で(信じるしかないが)色も選べるのがありがたい。ゴム紐が柔らかく、痛くないのも好印象。若干薄く感じるし、フィット感もやや劣る気はするが慣れれば平気。家族にも勧めました。
33	4	1980円で200まい購入すべてポイントで購入。アプリコット購入一枚9円ちょい。安いところだと１枚７円前後なのでそれに比べるとちょっと高いですねただ元値が7980円って高すぎませんか？笑また無くなりそうになったら買うか考えます色は可愛いけど売り切ればかりで残念です２０日に買って24に届きました。
34	5	安定の使いやすいさで最高です。次は割引で買いたいです。
35	4	耳がすぐ痛くなるので、痛くなりにくいの探してました。ちょっと薄いけど値段も安いし全然あり
36	5	二回目の購入です。その時のものが無くなった後、違う商品を購入しましたが、家族全員から不評でした。なのでまたこちらを購入。お値段もお安いし、顔のフィット感も抜群で家族に大好評。今後はこちらを購入します。
37	5	流石にレビュー通りの製品でした<(_ _)>
38	5	耳ひもが痛くならず、肌触りもよいのでリピートしています。
39	5	市販のマスクとても高く、毎日使いに躊躇しますが今迄使っていたメーカーの白がなくなり、こちらの物を使い、とても気に入ったようです耳ゴムの太さが完璧だそうです
40	5	安くて、着け心地抜群なマスク☆頼んでから、すばやい対応にも感謝です。また利用したいと思います。
41	4	安いけどちゃんとした商品でありがたいです。
42	5	何回もリピートしています。一日中つけていても耳がいたくならないし、じょうぶです。また、購入したいとおもいます。
43	5	いつも迅速な対応ありがとうございます。このマスクが一番しっくりきます。
44	5	今回もリピです！近くの店で他のを買ってみてもイマイチ・・・やはり前に買って試したものの方が安心でした♪またなくなったら注文しますね！
45	5	着け心地がとてもよく、快適に過ごすことができます。耳のゴムも柔らかく全く痛くなりません。凄くお勧めできる商品です。
46	5	すぐに届いて助かりました。個包装でないものを探していたのでお役購入でき満足です。
47	5	しっかりしたマスクです使い心地良し、お気に入りになりましたまた、リピします
48	4	リピート勢なんですが、毎回 注文から到着までは早くて何も不満はありません。1つ言うならば、マスクの耳にかけるゴムが捻れて付けられてる物が入ってるので気になる方は注意して下さい。
49	5	再購入です。とても気に入っています。耳も痛くないし、フィット感も問題ないです。お勧めです。
50	5	リピート買いです。とても気に入っています。普通サイズですが、大きいてつけ心地も良いです。
51	5	1回使ってから使いやすさにはまってます眼鏡も曇りにくいし・・お値段も安くて気持ちよく使えます
52	5	リピートで何回も注文しています。安くて丈夫で使いやすいので重宝しています。
53	5	リピです使いやすくてこれからも使用していきたいです
54	5	耳が痛くならずフィットして良いです。またリピートします。
55	4	耳が痛くならないし使い心地良くリピートしてます。
56	5	早い配送で安くて使いやすくてもても気に入りました！！！！
57	5	いつもこちらでお願いしております。ソフトで使いやすいです。
58	4	今回3回目の購入です！3年前のコロナ禍始まりの頃、マスクが店頭になくなり、ネットでも買えず過ごしていました…長時間使うと耳が痛くなっていたのですが、こちらのマスクに出会い、耳の掛けるゴムの幅が広く、一日中掛けていても痛くないと家族からとても好評です！私は、喉が弱いので、冬は特に乾燥します。こちらのマスクは寝るときもしています！ありがとうございます…これからもよろしくお願いいたします！
59	4	フィットしていてよかったです。またぜひ購入しようと思う
60	5	リピです。お値段も手ごろで、発送早くて助かります。
61	5	2回目の購入です。この安さで、スーパーで買うマスクよりしっかりしてます。
62	5	普段使いに購入しました。買い周りでポイントもたくさんついてお安く購入できて良かったです。
63	4	息子が気に入ってこればかり使っています。
64	5	商品の説明どおり、耳も痛くなく長時間使用できます。発送も早く価格もリーズナブルでおすすめできる商品です。
65	5	どこよりも安いうえに、耳が痛くなく、いつも快適に使っています。また購入します。
66	5	注文した後すぐに出荷になったようで、とても助かりました。
67	5	なんども、利用させて頂いてます、また利用させて頂きます。
68	5	何度もリピート買いしてます。お得で、1日つけても耳が痛くならず、毛羽立ちもなく良いと思います。
69	5	上下に伸びるので、話していてもずれる事なくすごく良いです。リピ決定
70	4	主人と長男が仕事用で使っています。耳が痛くならないみたいなのでいつもこちらを購入しています。
71	5	ええもんでっせ！ひも太くて耳もいたくない。
72	5	耳が痛くなりにくく、なにより丸一日着けていても毛羽立たたないため、鼻がムズムズしにくいのがとても良いです。
73	5	包装も綺麗にコンパクトに入っていました。半年くらいは持ちそうです！ありがとうございました。
74	4	お値段、使い心地が良い商品だと思います。
75	4	どのマスクよりも使いやすく、つけ心地も快適なので、愛用しています。
76	5	リピート利用です&#10071;&#65039;高校生の息子が、気に入って使っています。他のお店の商品は肌に合わなかったようなので、助かっています&#10071;&#65039;
77	5	リーズナブルで使いやすさもとてもよい。これからも定期的に購入させていただきます。
78	5	2度目の購入です。コロナ禍の初期に勝ったマスクは紐の部分が細く、長時間着用していると耳が痛くなってくるのですが、このマスクは紐の部分が平べったくなっているので長時間着用しても痛くなりません。値段も手ごろでとても気に入っています。
79	5	リピ買いしています。価格も安くて最高です。
80	5	迅速、丁寧ですぐに届きました。ありがとうございました。
81	5	コスパも良くとても使いやすいです。耳も痛くなりません。
82	5	耳が痛くならないし気に入っています。何回もリピしています。
83	5	初めて購入しました。とても満足できる商品だと思います。また、リピートします！
84	4	つけた感じがソフトな感じがするのが良い。
85	4	まだまだコロナが続きそうなので、注文しました。届くの早かったです。
86	5	値段の割にしっかりしていて、あまりハズレはないです。耳も痛くないです。たまーによくちぎれるロットもありますが、コスパを考えるとアリです。
87	5	マスクはここで買ってます。配送も早く、足りなくなっても安心です。
88	5	コスパ良くて、耳も痛くならないからとても良いです。リピートします。
89	5	一度使った事のあるマスクでしたのでお安く購入できて良かったです。
90	5	スムーズに配送して頂き、また使いやすく最高また宜しくお願いします。
91	5	リピート購入です。肝心のマスクは、メガネ曇りにくく、紐も切れにくく、コスパ最高です。また買う予定です。
92	4	ずっと着けていても耳が痛くならない。着け心地のいいマスクです。私にとっては最良です。流石に長時間使用だと毛羽立ちが気になることがありますが、兎に角安いので割りきって、どんどん取り替えながら使っています。マスクはそれでいいと思います。またリピートします。
93	5	家族用に買っているのですが耳も痛くならくて、家族全員重宝してます。
94	4	この値段でこんなにたくさん使えていつもお世話になってます。マスク時代が収まるまで購入し続けたいと思います。
95	5	注文してから発送、到着までとてもスピーディーでした。ありがとうございました。
96	5	いつもこのマスクを買っています。家族4人で毎日使うものなので、量が沢山でゴムも痛く無くしっかり口元を覆うマスクを色々買ってみて、このマスクに行きついてからは、ずっと購入しています。仕事がら1日中喋っていますが、苦しく感じず付けていられます。
97	5	息子たち用に購入しました！耳が痛くならずに良いようです。安く購入できたので満足できた買い物です。
98	5	マスクはいつもこれを使っています！安くて丈夫なので重宝しています
99	5	すごく気に入ってて毎回無くなりそうになると注文しています。家族も文句なく使っています。
100	5	商品に満足してます。耳か痛くならずに、いい感じてす。次回も購入したいと思ってます
101	5	他のマスクを購入しましたが、「前のがいい」と家族のリクエストでリピしました。耳回りがソフトでストレスフリーです。
102	5	長時間マスクを着用していても、耳が痛くなかったです。
103	5	もぉ何時リピしたかわからないくらい。1日中付けてても耳が痛くならないし、口元もわしゃわしゃしなくて良いです！
104	4	たいへん期待しています。耳がいたくならない、顔にフィットするマスクを探していました、いい商品だと思います。
105	4	大量に必要なマスクいつものドラッグストアで買うよりも、楽天買い物マラソンで買った方がお得と気づいて購入！今まで一番つけ心地がよい( ＾ω＾ )
106	5	大きさも丁度良く、耳ゴムが幅広で柔らかいので痛くないです。非常に良い商品でお値打ちです。
107	5	毎回リピートして買っています。耳も痛くならず一日つけていても大丈夫です。
108	4	紐切れや製造ミスもなく、いつも使っております。変なにおいもしないので、安心して使えます。
109	4	白を購入。購入後、残り一箱になりましたが、紐切れなどもなく問題なく使えてます！
110	4	コロナの後何度も買い付けてます。耳が痛くないし顔のトラブルもなく安心です。
111	5	2回目の購入になります。作りがしっかりしているし耳も痛くならないので気にいってます。
112	5	安定の良さでリピートしました。値段も安く対応も早いので満足度も非常に高いです。
113	5	毎回購入してますが、息苦しさも無くフィット感が良いのでまだまだマスク離れ出来ませんのでずっと使用したいと思ってます
114	5	まだまだマスク生活が続きそうで、ストックしてた白マスクが無くなりそうなので、安かったこちらのマスクを購入しました。まだ使用はしてませんが口コミも良かったので使うのが楽しみです。また無くなりそうになったらリピしたいと思います。
115	5	ここに書かれてるレビューを見て初めて購入しました。皆さんのレビュー通りだと思います。
116	4	耳が痛くなりにくく、着けていても不快感はありません。
117	5	今回はホワイトを購入しました。次は違うカラーを購入したいです。カラーマスクだという色々試したいので1箱ずつ選べたらいいなと思いました。
118	5	毎回利用してます！肌も痛くならないし、着け心地も良いです！またリピします！
119	5	毎回こちらで購入しています。とても良い製品です。
120	4	たくさん買えて助かります。品質にも満足です。
121	4	いつも使わせて頂いておりますとても良い助かってます
122	4	耳ひもが太くて耳にやさしい。肌触りも問題なし。
123	5	前回は白を選びましたが汚れが気になり今回は黒にしました。発送も早く、この安さ。また購入するときは宜しくお願いします。
124	5	生地がしっかりしていて、普通サイズですがかなり幅もあるのでとても良いと感じました。耳も痛くない仕様になってるので良かったです。まだまだコロナが増えていますので、マスクは必要ですが、中には質の悪いのもあるので失敗する時もあります。信用して利用するのが難しい時代ですが、安心して使える商品をありがとうございます。「手っ取り早く得た財産は減っていき、少しずつためる人の財産は増えていく」と言う言葉が好きですが、信頼も財産だと思います。これからも良い商品に期待しています。
125	5	もう何回もリピしてます！薬局で買うようなものと品質変わらないのに安くて助かります！
126	5	再度購入しました。まだまだ、必需品です。耳が痛くならなくて良い。
127	4	一般的なマスクとしてはコストパフォーマンスは高いと思いリピートしました。
128	5	まだまだマスクは必要です。白は絶対必要なので、すぐに減ってしまいます。今回まとめて注文して、とても助かりました。
129	5	他のところで買ったマスクは紐が切れやすかったので、口コミを調べて購入してみました。値段は安いのに、切れる事なく、重宝してます。
130	5	耳も痛くなく大変よかったです。また買いたいと思います。
131	4	ちょっと薄めかなぁという印象ですが、お値打ちに購入出来て良かったと思います。
132	5	今回も有り難うございました！また購入します！宜しくお願いしますm(_ _)m
133	5	家族三人で使ってます。すぐになくなるので安く購入出来て助かっています。また購入させていただきます。
134	4	めっちゃ安く買えてとても満足です。ほんのり気になる匂いがあるようですけど、すぐに気にならなくなります。紐も柔らかくしんどくなりません。
135	5	第8波が来始めているのを感じ購入しました。迅速に届けていただきありがとうございます。箱数も多いので安心です。
136	5	とても早く届きました。主人用で買いました。満足です！
137	5	二度目です。クオリティがよく安くてとても助かっています。また注文します。
138	5	サイズ、耳ゴムの強さ共に丁度良く大変満足してます。
139	4	耳が痛くならないので何度かリピ買いさせて貰いましたが今回は義母にプレゼントで送りましたとても喜んでました
140	5	最近頭痛がするので負荷が少ないマスクを探しておりました…平ゴムマスクがなかなか店頭になかったので、助かりました。値段も安くて、気軽に交換でき、うれしいです。
141	5	5回目のリピートです。金額的にも購入しやすく枚数も多いのでいいと思います。長い時間付けていても耳の痛みもないので顔のデカイ私には合っている商品です。
142	5	何度か購入しています。すぐに届き、ゴムも切れたことがありません。柔らかさも適度です。
143	5	いつも愛用しています。コスパ抜群で、着け心地が良い。これまで、マスクをするとゴムが耳裏にめり込んで血だらけになっていた。この商品に出会ってから、それが一切なくなりとても快適。
144	5	速やかな発送ありがとうございました。前回も購入しました。良かったので再度購入です。
145	5	長い時間付けていても耳も痛くならず、肌触りも良く大変満足できる商品です。
146	5	とてもつけ心地よく、耳もいたくならず、リピ買いしてます
147	4	質も良く耳も痛くならないし良かったです。仕事で使うので価格が安く使い勝手が良いので安心して使えた
148	5	リピート買いです、とても早く届いておどろた！
149	5	リピートです。お安いので気にせず使いまわせます。
150	5	毎回利用させて頂いてます。ゴムも平ったく耳が痛くなりません！厚さもちょうど良く、着け心地いいです！お値段も安いですしまた利用させて頂きます！
151	5	すぐ発送してくださり、助かりました。とても使いやすくリピートしています。
152	5	現在もこちらのマスクを愛用しております。付け心地良く、耳が痛くなることもありません。又、今のところ紐が切れたり等の外れは引いておりません。
153	5	まだまだマスクを手放せません。近所のドラッグストアでも50枚入りのマスクの値段が高く、買ったとしてもマスクのゴムの長さがまちまちで、ここのマスクは子供から大人まで使えますし、耳がゴムでいたくなることありません。何度も注もをしてしまいます。皆さんも試して購入をしてみたらいかがでしょうか？
154	5	使いやすくていっぱいあるのでとても嬉しい！
155	5	たまにシワになっているのもあるけど、概ね満足です。
156	4	このブランドのマスクは継続して使用してるのでリピート購入。
157	5	リピートです。発送も早くいつも助かってます。またなくなりましたらリピートします。
158	4	まだまだマスクが必要そうなので定期的に購入しています。コスパが良く満足しています。配達も速かったです。
159	4	白にしました。問題ない感じです。こんど色にしてみようかな
160	5	耳が痛くならなくてとても使いやすいです。
161	5	すぐに届きました。こんなにお得に買えるならもっと早く買えばよかったです。
162	4	冬用に少しっかりした生地の物がほしくて買いました。満足です。
163	5	何回目かのリピートです。白で耳が痛くならないマスクということでこれからもリピートする予定です。
164	5	耳が痛くないのが素晴らしい。フィット感が丁度良いです。
165	5	もう5回以上リピしています。レビューすればク−ポン貰えてさらに安く買えるのでオススメです。品質も問題なく安心して購入できます。
166	5	良いですよ。ひもが離れることがないです。
167	5	マスク早速使いました。仕事の時に長時間つけていても、耳が痛くならないし安心して使えるので嬉しいです。ありがとうございます。
168	5	在庫がなくなると毎回注文しています。使い心地が良いです。
169	5	耳が痛くならないので3度目の購入。コスパの良さも星５つ！！また購入させていただきます
170	4	耳も痛くならず良い商品です。コスパも良いのでリピートしようと思います。
171	4	とってもいい商品です。また購入させて頂きたいと思います。
172	5	安いですが、着け心地も素材も良いと思います。コスパ最強。
173	5	レビューを見て購入しました。値段のわりには作りがしっかりしています。
174	4	不織布マスクが届きました。前回大量に購入させて頂いたマスクも､ここまでコロナが続くとは思いもしませんでした。今月５回目のワクチンを受けます。早くマスクもワクチンも無い世の中になって欲しいです。第8波が囁かれる中、マスクの枚数が少ないかも！これからもよろしくお願い申し上げます。
175	5	ありがとうございました。まだマスクの必要な時期なので助かりました
176	5	大変に使い易くまた耳もいたくならない。安く大変に助かります。
177	5	耳が痛くならない マスクで使用しやすい。つけた感触がよく、今までで一番使いやすい。
178	4	ふだんしているマスクより少し薄目です。息はとてもしやすいです。
179	4	リピートです^ ^安く購入でき助かりました^ ^また、お願い致します&#129330;
180	5	まとめて購入できてとても満足です。つけ心地も悪くないです。またリピします。
181	5	良い商品で大変満足でした。次回も購入したいと思います。
182	5	在庫のマスクが無くなってきたので注文しました
183	5	何度かリピ買いです。値段も手頃です。耳が痛くなりません。
184	4	ひもが緩くて耳が痛くならなくて良かった。
185	5	一日中つけていても、毛羽立ちがほとんどないため痒くならないです。
186	5	レビューを参考に購入しましたが、結果正解でした。耳が痛くありません。4箱もありますから、当分安心です。ありがとうございました^_^
187	5	1日つけていても痛くならずリピート買いしてます、とても気に入ってます。
188	5	とってもよいです。いくらあっても困らないのでまた追加しようと思ってます。
189	5	2度目の購入です。コスパも良く品質も問題無し。耳もぜんぜん痛くならない。私も旦那もお気に入り。売り切れの色がたくさんあったので再入荷望みます。
190	5	今回はすぐに届きました！仕事で白を使わせてもらっています。
191	4	安心でとても、し心地がいいです商品でした
192	5	いつも購入してますが、間違いない商品です&#10024;
193	4	一部ですがシワだらけのマスクがありました。サイズも少し大きいので、肌荒れが気になる私にはとても良いです。
194	5	主人がこれしか使わないので常備してます。耳が痛くならないそうです。
195	5	リピ買いです！耳が痛くなくて使い勝手も良いです。
196	5	近くのドラッグストアより安く購入できました。ありがとうございます。
197	5	何度も購入させていただいています。肌の弱い息子も問題なく使えています。
198	5	リピートしました。耳が痛くなりにくいので重宝しています。
199	5	安価、でゴムもヒラゴムで取れません毎日使う何サイズ感もいいのでリピです。
200	5	3回目の購入になります。使いやすく、ゴム紐は切れたこともないので、リピートしてます。
201	4	配送、スタッフ応対は、良いです。言うことありません。
202	5	柔らかく着け心地もいいですし、長時間経っても毛羽立ちが無く、むずむずしません。またリピートさせてもらいます！
203	5	付け心地が良く、安心して着用しています。無くなると再注文しています。
204	5	長時間使用しても息がしやすいのでまた購入したいです。お買得なので、家族みんなで使用しています。
205	4	マスクの生地が柔らかくて、していて楽でした。
206	5	柔らかで使い心地が良く満足しています。リピートありですね。
207	5	お値段がお手頃なのに、着け心地抜群です。
208	5	耳が痛くならなくてとても良いです。肌触りもGood
209	5	使いやすいです何度もリピ買いです&#9786;&#65039;
210	4	耳が痛くならないし、紐が取れたこともありません。いいマスクだと思います。もう少し幅広なサイズだとなお良し。
211	5	2回目の購入になります！旦那と中2の長男が気に入って使用しています。サイズも質も最高で、とてもお買得だと思います！また無くなりそうになりましたら購入させて頂きたいと思っております！
212	5	何度も何度もリピーター。安くて快適、毎日家族で使ってます。
213	5	耳が痛くならないし、値段も安く買えたのでまたリピートします！
214	5	耳の後ろが痛く荒れるのと、安かったので買いました使うのが楽しみです
215	4	耳が痛くなく快適です。次も購入しようと思います。
216	4	リーズナブルな価格でとても満足してます。またリピしようと思ってます。
217	5	もうコロナ禍になってずっと愛用しています。耳も全く痛くならないしリーズナブルで助かってます。
218	5	いつも買っていて着け心地もいいので、リピ買いです。
219	4	早急に発送頂きまして、誠に有難う御座いました。使い心地は良いです。
220	5	丈夫で品質もよくやすいので気に入っています！
221	4	少しゴムが痛くはないが、きつい感じがしたので、星４つとしました。
222	5	いつもここで注文しています何回か他で注文しましたが、ここが1番いいです。これからもよろしくお願いします
223	5	仕事中につけています。8時間以上つけていても耳が痛くならないです。また購入したいと思います！
224	5	何度もリピしています。耳が痛くならないので家族は皆これしか使いません！お値段も安く、定期的に購入しています！
225	4	まだ使用していませんが、コスパがよいので。期待を込めて。
226	5	安価ですが、しっかりしてます。リピします。
227	5	リピ購入です。ゴム部分が太く耳が痛くならずとても気に入っています。毎日使う物なので4箱はとても魅力的です。子供が使うので色々な色があるので購入ごとに色を変えてます。
228	5	なかなか外せないマスクが、大量に手に入れられてしばらく安心です。ありがとうございました。
229	5	つけ心地も良く、全く耳も痛くなりません。何度もリピートしてるくらいお気に入りです。
230	4	マスクの置き忘れや無くしたり大変なので購入しました、カバン？バックの中に予備のマスクを入れて安心です。
231	5	お気に入りのマスクです！耳のゴムも柔らかく痛くないです。もうリピ４回目です♪
232	5	商品が、しっかりしていて満足しています。
233	5	リピートです。値段がお安く助かります。耳が痛くならなくて良いです。
234	5	耳が痛くならないので、もう何度もリピートさせてもらってます&#8252;&#65038;お気に入りに保存して残り1箱になると注文しています&#8252;&#65038;こちら本当におすすめです♪
235	5	リピーターです。価格も安価で、機能性も良いです。総理は、マスクは必要が無いと言っているようですが、信じていません。第８派は、空気感染が主な原因と言われています。我が身を守る為にも、これからも必需品です。
236	4	肌触りも良し、耳も痛くならないので使いやすいです。
237	4	三回目かな？ちょっと大きめだけど使いやすい。
238	5	いつも使用していたものよりヒモが太くて痛くなくて嬉しいです。大きさもちょうどよくて圧迫感がなくてよかったです。
239	5	数回目のリピートです。我が家のマスクはこれでになってます。高齢の母も耳が痛くならないと喜んでいます。
240	5	肌触りも優しく、耳のゴムも柔らかいです。家族からリクエストがあり、リピ購入です。発送も早くて、助かりました。
241	5	平ゴムなので耳が痛くなくてとても満足です。
242	5	着け心地がとても良いです耳が痛くならないので長時間でも快適です
243	5	3度目の購入になります。耳も痛くならず、快適に過ごせます。
244	4	本当に耳が痛くなくて、大きさもぴったりでした！
245	5	耳も痛くならず大きさもちょうどいいです。使いやすいです。
246	5	リピ購入です&#8252;&#65039;ゴムが太く耳が痛くならないです&#10024;毎日使う物なので量が多いのも魅力です&#9752;&#65039;
247	5	紐が柔らかくて痛くならなそうです。日常使いにします。
248	4	早速マスクをしてみたら、ゴムの部分も柔らかくて耳が痛くなりにくそうで使うのが楽しみです。
249	5	リピーターです。再入荷待ちで待つこともありますが色も好きな色なのでお気に入りです。
250	5	息子用に購入しました。一日中着けてても耳が痛くならず、快適だったそうです。無くなれば、また注文します。
251	5	ハコからティシュのように取りやすかった。サイズもちょっといいです。
252	5	耳が痛くなりにくいので、次回も購入させていただきます。
253	5	何度も購入。ゴムが痛くない。顔が少しデカい夫のお気に入り。娘たちには、デカいので、小さめを他のショプで購入。
254	5	サイズ感がピッタリでした。またリピしたいです。
255	5	リピです。家族でこのマスク愛用してます。
256	5	何回も仕事用にホワイトをリピ購入しているマスクですが前回は予約注文になっていて直ぐに欲しい為に薬局で購入。しかし主人が気に入らず此方のショップさんのマスクが1番良いので予約注文でも購入して欲しいと言うので今回注文予定日よりも早く発送して頂き凄く喜んでおります。
257	5	リピ買いです&#9786;&#65039;使いやすいです。いつも綺麗に発送です。ありがとうございます&#9786;&#65039;
258	5	何度もりピしています！二重マスクをしても耳が痛くならず、気に入っています。
259	4	普通のマスクです。特に可もなく不可もなし
260	5	皆さんの口コミを見て注文しました。今のところミミひもが切れたり、匂いがきついということはなく快適に使えています。コスパが良くまた注文すると思います。
261	4	リピートになります。コスパも良いですが、なにより、耳が痛くならない紐になっているので、満足してます。
262	5	これで何回目のリピート購入になるでしょうか、我が家全員で使用しています。
263	5	もうここ何回かは、こちらでしか購入してません数回他のところで買いましたが、匂いやゴムが気に入らなかったので、マスクはここで買うことにしています
264	4	いつも近所のドラッグストアで購入してましたが、ネットでまとめ買いした方が安いと思いレビューが高評価のこちらのストアで購入。主人も使うのでネイビーやチャコールが欲しかったのですが、品切れだったのでホワイトを購入しました。付け心地は肌触りも良く、作りもしっかりしたマスクでした。次回購入時は他色の在庫があるといいなぁ…
265	5	いつも通りの安定品質で満足しています。紐も耳のあたりが柔らかくてよいです。
266	5	耳が痛くならず、コスパも良いです。ブルベ夏なので、在庫がある中で合う色を選びました。なくなったら違う色もリピートしたいです！
267	4	たまたま、こちらを見つけて、レビューが良かったので、初めて&#128304;購入。ドラッグストアで、買ってましたが、こちらのは、素材も良かったし、ハイキングに出掛けましたが、苦しくないし、ほんと、耳も痛くないし。妻も良かったようなので、またリピートしたいと思います&#8252;&#65039;
268	5	今回リピして購入させていただきました。主人が他のマスクより耳のゴムが丈夫でいいと言っていました。少なくなったらまた購入します。ありがとうございました。
269	5	きれいに包装して届きました。とても衛生的です。コロナ対策ばっちりです。
270	4	時間はかかったけ届きました必需品なのに値上がりや、なかなかカラーのお値打ちのものが店頭にはないのでこちらで。使うのはこれからですが箱はコンパクトなのが良いです私は気にしませんが、段ボールではなくビニール袋に包まれて発送されてくるので外箱の凹みとか複数。それが気になる方はおすすめしません。
271	5	最近はゴムがとれることもなく着用できています。コロナが流行し始めたときからずっと購入していますが、お安くてまとめ買いもできて本当に嬉しいです。免疫力を失くさない為にワクチン、消毒しない、自粛、外に出る時はマスクと無香料石鹸手洗いでコロナにかからず免疫力アップで毎日げんきに過ごせています。いつも本当にありがとうございます。
272	4	太い平ゴムで 長時間つけても耳が痛くならないので 気に入って再購入しました。つけ心地抜群です。
273	5	何度目かのリピート買いです。今回のはまだ使っていませんが素早い発送でした。
274	5	ストックが無くなってきたのでまとめ買いしました。冬に向けて厚みもあり柔らかくて良いと思います。
275	4	まだ一度しか使ってませんがすごくつけ心地が良かったです。主人と息子の為に買ったので2人が使用して良かったらまた購入したいと思ってます。
276	5	大きさもしっかりあって、使い捨てを考えたら十分機能性があります。臭いもさほどなくお手頃で購入できるので助かってます。
277	5	サイズも丁度いいし、着けてもかゆくならないのでこれしか使ってない。
278	5	リピートです。以前は白が無くて他の色を頼みましたが白が再入荷したので購入しました。マスクはまだまだ必要だと思いますのでストックです。
279	5	既に３回目の購入になります。耳が痛くならないマスクを探してこのマスクにたどり着きました。他にも耳が痛くならないマスクはありますが、高いものばかりです。気軽に使い捨てするのであればこの商品がオススメだと思います。
280	5	とても肌触りが良くて、３度目の購入になります。付けてもいても気にならず、とても気にいっています。
281	5	使い心地も良く、家族から好評で、リピさせて頂いています。
282	5	息苦しさや不快感も無く、長時間使っていても問題ないのでまたリピをしたいと思います。
283	4	女、面長、リピーターです。職業柄、マスクをしたままずっと話す&たまに走り回っています。他のマスクだと鼻の下に汗をかいた時にしばらく冷たくて不快ですが、こちらはすぐに気にならなくなる点がとても気に入ってます。顔の大きさは標準くらいだと思いますが、面長のため(?)横が少しもたつきがあり、アゴあたりで少ししぼめてホッチキスで留めて使ってます。
284	5	もう何回もリピートしてます。コスパも良し、質も良しで言うことなしです。
285	5	付け心地良好です。特に耳が痛くならないのが良いです。
286	5	呼吸もきつく、ゴムも痛くないのてとても使いやすいです。リピーターです。おすすめします。
287	5	ミミは痛くないです。息もしやすく使いやすいです。
288	5	たくさん入っていて、安いので購入しました。まだ使用してないですが、良さそうなので再購入しようと考えてます。、
289	5	届きました。ありがとうございました。このマスクは少しゆったりしているので良いです。職場の人に頼まれて購入しました。
290	5	とてもお安く買う事が出来ました。また購入させていただきます。ありがとうございました。
291	5	マスクは毎回ここで購入してます。私と旦那、2人も気に入って使ってます。ザ・シンプルマスク。箱のまま置いておけるのも我が家としてはポイント高いです！
292	5	耳が痛くならないのでいつも愛用してます！
293	5	毎日使ってます。ゴムの所が、ちょっと糸がほつれて引っかかる感じしますが、以外は使いやすくとても良いです。今までのマスクは、口を動かすと、すぐ下がってしまうのですが、このマスクは、そんなに気にならないような気がしました。また、リピートするかもです。有難うございました。
294	5	ホワイトがなかったのでチェリーブロッサムにしましたがとてもかわいいです。これはこれで気に入りました。平ゴムで耳が痛く無いです。
295	5	毎回リピしているほど安心できる商品です。レビューを書いて、お得なク−ポンもらってまた買って…。やめられません！！！
296	5	この商品は毎回リピートしています。しっかりしているので安心して使えます。
297	5	この1年で4回注文しています。耳も痛くならないし、紐も切れたことも無い。値段の割にしっかりしていて大満足ですよね!これから注文します。
298	5	仕事中に使っています。8時間マスクをつけたままでも耳が痛くならないです。
299	4	値段が安いので購入しました。耳が痛くならない仕様になっているので良いです。気になる点としては少し薄い気がしました。
300	5	お安く購入できてよかったです。ピンクにしましが、思ったより色が濃い気がしました。発色よく見えると思います。
301	5	配送に時間が今回はかかってしまいましたがリピーターです。
302	5	主人と息子用に2回目の購入です。まだ届いていませんが、気長に待ちますね。1日何枚か使う時もあるので、コスパがよく、助かっています。肌の弱い主人も大丈夫そうです。また購入させていただきます。
303	5	とっても使いやすく、ゴムの部分もやわらかく、とってもきにっています。今回も、このマスクで、お買い物いくの、楽しみです。
304	5	確かに耳が痛くなりまでんでした。おすすめです。
305	5	長く付けても耳は痛くならず、使いやすく最高です。
306	5	何度もリピしてます。マスクが口に貼りつかないのと、長時間つけても耳が痛くならないので助かってます。欲しいカラーがずっと品切れなのが残念ですが、今は家族全員で使える白を購入してます。
307	5	顔の大きな主人用に購入しました。普通サイズのは耳が痛いそうです。傷にもなっていました。こちらの商品はまったく痛くないそうです。喜んでもらえてよかったです。リピすると思います。
308	4	何度かリピートしてます。耳も柔らかで掛け心地はグッドです。
309	5	リピートしています。耳も痛くならないし、息苦しくなく使えます。無くなったらまた利用させてもらいます。
310	5	とても使いやすいマスクでまた購入したい。
311	5	早速使用してみましたとても使いやすく買って良かったです
312	5	平ゴムで耳も痛くならずしっかりとしたマスクです。
313	4	他のマスクに比べてゴムのところが耳が痛くならないし送料が無料なのがありがたいです。我が家のストックが無くなったらいつも購入してます。
314	4	つけ心地快適です。箱も薄いので、置いておいても邪魔にならずに便利です。
315	4	普通のマスクでした。薄いから涼しくて良いです。
316	5	リピートです。お店にもたくさんのマスクが売られるようになりましたが、顔の大きめ旦那さんの耳が痛くならないマスクになかなか出会えず、安定のこちらに頼っています。安く買えるしありがたいです♪不良品が入っていた事もありません。
317	5	このマスクか付けていても、いやにならず、耳が痛くないので、良いです。
318	5	ずーっとリピしてます！耳が痛くならないし、肌も痛くならない！薄くもないし、なにより安くて助かります！
319	5	いつもこれです。他のを買ったら匂いやゴムが気に入らなかったので、これと決めています
320	4	毎日マスクを使っています。無くなるたびに使わせていただいています。
321	4	コスパ最高、耳のゴムも良いですね。また、次回も購入すると思います。
322	4	低価格なのに使い心地も良く、気にいっています。
323	5	確かに耳が痛くなることはありません。カラーバリエーションが豊富なので色々試してみたいです。
324	5	マスク難民だったのですが、ようやく出会えた気がします、消耗品だからできるだけ安くかいたいし、出会えてよかったです
325	5	一日中つけていても耳が痛くならないし金額も手ごろで購入しやすいと思います。
326	5	耳が痛くならないので助かります。今や使わない日はないのでとても助かってます。
327	5	耳が痛くならないため、こちらをリピートしてます。お安くなれば嬉しいです。いつも早い発送ありがとうございます。
328	5	3回程買わせていただいております。稀に、ワイヤーが細かったり入ってなかったり、ゴムがとても切れやすかったりする物がありますが、ほとんどのマスクはまともです。紐も太くて長時間つけていても耳が痛くならず、とても快適です！強いていえば、ワイヤーがもう少し固めだと鼻まわりのフィット感が向上したと思います。あと大事なのが、不良品が0ではないので、初めて買ってそれが回ってきた人は御愁傷様です。
329	5	リピ買いです。箱からの取り出しもしやすくなり、途中でゴムが切れる心配もなくなりました。
330	5	只今、届きました。付け心地良かったです。また購入したいと思います。
331	5	リピートです。家族全員で使っています。買い求めやすい価格ですがしっかりと作られていて満足しています。また購入すると思います。
332	5	いま、届きました。二度目の購入です。私の顔のサイズには、合っていました。みみもいたくないので、丁度良いです。
333	4	着けた感じは圧迫感も無く、ゴムも緩めで息苦しさは感じないです。ただ、その分脇からウィルスが入ってくるのを防ぐという防護的なものは、難しいかなと。まぁ、実質的にマスクを着けるのも儀礼的なものになりつつありますからね。わたしもマスクを着けていますという証明だけにつけてるようなものです。そういった意味で、この価格でこの作りで十分なものかと思います。変な臭いもなく、ほつれも無く、しっかりとしたものですからお勧めです。
334	5	非常に安いと思ったので即ポチ。この値を今後の基準に使用かと思ったけど、期間限定かつ4箱買いの設定のよう。当方は、運転仕事の為、コロナ前から道路粉塵用に常用していたが、昨今の質の低下に辟易していたところ。このようなまともで安いマスクであれば、5年分くらい買っても良いが、置き場所にも困るのである程度減ってから。マスクしているのにクシャミが出るとかは、即、書き込みますので、良い意味で乞うご期待。
335	5	いろいろなマスクがありますが、こちらのマスク&#128567;にどはまりしてます。とにかく割安で、耳&#128066;が痛くならず満足しています。これからも、リピートして使わせていただきたいです。
336	5	家にあるマスクの在庫がほとんどなかったので到着も早くて満足です！耳のゴムも柔らかそうで、子供達も満足して使っています。買ってよかったです。
337	4	色が気に入りました。耳も痛くならずとても良かったです
338	4	リピです！主人がやっぱりこのマスクじゃないと！っていつも言ってます 笑他のを購入した際は､耳の痛みがあって…なので､少なくなってきたら必ず購入する様にしています｡また購入予定です！
339	4	すぐに商品が届いたので、助かりました。包装もしっかりしてあり、使い心地も問題ありません。またリピートしようと思います。
340	5	毎回迅速に対応して頂きありがとうございます&#128522;耳も痛くない使い勝手が良いです^ ^また、お願いします
341	5	早々に発送していただきました梱包も良く、品物も満足していますまたリピートさせていただきます
342	5	安くて、使い心地良く、ずーっとリピーターです。言うこと無し&#10071;
343	5	前にも購入し、他のものと比べてみてもこちらの方が耳も痛くならず柔らかくてつけやすいです。
344	5	価格、サイズ感もいいため、ずっと切らさずに購入しています。
345	5	もぉ何度リピしたかわからないほど使ってます。長時間つけてても耳は痛くないし、口まわりもわしゃわしゃしなくて快適です。
346	5	今回で3回目の注文となります。毎日、会社と自宅とに分けて着用しています。着用しても耳が痛くならないし、紐が切れないのが良いですね。
347	4	特に問題なく使えています耳の紐荒れは、優しいつけ具合になったのでなくなりましたノーズワイヤー良いやつと比べたら、フィット感は落ちるけど、悪くはないと思います
348	5	リピート購入です。耳が痛くなりません。このマスク愛用してます。
349	5	耳が痛くならないって書いてたので即購入してみました。欲しい色が品切ればかりで残念でしたが値段も安くて白を購入。届くのも早くてとても助かりました。
350	4	主人の仕事用としてリピ購入。長時間でも耳が痛くならないそうです。
351	5	疾きこと風のごとし、安定した品質はやまのごとし、まさに、現代の風鈴華山！また、宜しくおねがいします！
352	5	無くなる度に購入しています。品質が分かっているので安心して大量に購入できます。
353	5	今回2回目の購入です。商品到着も早く、梱包も綺麗でした。耳も痛くならないので、気に入っています。
354	5	注文して早く届きました。マスクはやわらかく、日常使用するには快適でした。
355	5	通勤に使っています。耳も痛くならず良い商品だと思います。
356	5	今までは毎日個包装のものを使っていた為、衛生面で少し不安はありましたが、マスクケースに入れておけば問題なく、ゴミも少なくて済んで手間も減り、結果大変良かったです。仕事中ずっと着けていても耳が痛くならない平ゴムで気に入った為、引越し挨拶品としても配りました。大変喜んでもらえて良かったです。またリピート買いさせて頂きます！
357	5	素早い到着。2度目の購入。とても使いやすい。
358	5	薬品臭も少なく着け心地も悪くなく価格も手ごろなので毎回使い捨てるのにで良いです。
359	4	到着も早くてとても助かりました。着け心地もとても良くて次回も注文したいと思います。
360	5	何度もリピして家族皆で使ってます!立体で口元が苦しくなく、ゴムも柔らかで耳が痛くなりません。コスパもとても良いと思います!
361	5	耳が痛くならないので、リピートしました。家族で使うのでいい量です。到着も早く、助かります。
362	5	何度目かの購入です。家族みんなで愛用してます。
363	5	これを使ってコロナ対策してます、これ使ってからまだ一度も風邪もコロナもインフルエンザもかかってないのでいい商品だと思う。
364	5	発送も早く、普段使いにもとても便利でした。
365	5	着け心地がとてもよく、凄く気に入っています。耳もまったく痛くなることなく快適にマスク生活を過ごしています。ぜひおすすめです！
366	4	リピートしました。本当に耳が痛くならずに使えています。また無くなったら購入する予定です。
367	5	家族用に購入しました。消耗品なので安く購入できたのは非常に助かった。また、無くなったら購入したい。
368	5	耳が痛くならず、使いやすいです。家族で使うので、また購入します。
369	4	いつも格安で購入でき助かります^ ^耳も痛くならないので助かります^ ^
370	4	2回目の購入です。普通に使いやすいです。家族で使うので少しでも安く、かつ安心して使えるものを購入できてよかったです
371	5	リピートです。厚みがあり、しっかりとしたマスク。顔の大きい夫のお気に入りです。今回は発送がはやかったです。
372	5	しっかりしてますね、チョット厚めな感じ、何よりも耳が痛くな&#12316;いこれがうれしいですね。2年のマスク生活をしていますがどうにも耳の痛みは慣れません。でも幅広ゴムで柔らかくってgood
373	5	家族6人ですが、全員でこのマスクを使用しています。長時間つけていて耳が痛くなるとストレスになりますが、このマスクは快適に付けていられます。
374	5	何度もリピしています毎日使っています耳は痛くなりません
375	5	リピートです。耳が痛くならず重宝しています。
376	5	マスクはこれって感じで、毎度リピート。ひもが太めで、耳が痛くならない。
377	5	ゴムがやわらかくて耳が全く痛くなりません！またリピートしたい商品です。
378	5	素材がしっかりしてて、厚みがあり、肌触りも良いです。安心してつけれます。
379	5	リピート買いです．主人と色違いで買いました．汗をかくのでマスクはすぐになくなるので助かります
380	5	注文して すぐ発送していただけて 助かります。商品も とても よく また リピさせて頂きます。ありがとうございます。
381	4	いつもこのマスクを購入させてもらっています。ゴム切れもなくいい感じです。
382	4	耳が痛くなく、あまり蒸れないので快適です。
383	5	3年目、マスクがいつのまにか必需品になってしまった。それこそ洋服の一部の様に、ここのところ、お手頃品を探して購入しました。
384	4	本当に耳が痛くなく良かったですまた買いたいです
385	5	リピートです！マスクで右耳が痛くなりやすく、マスクを探しておりましたが、薬局などの耳の痛くなりにくいマスクと変わらず、こちらのマスクは耳が痛くなりにくく、長時間つけていても、耳の痛さはありません。そしてお安いので手軽に付け替えられてありがたいです。そして色のバリエーションもあり、ピンクのマスクは血色が良く見えてありがたいです！まだまだコロナ禍でマスクが必要なので、次回もリピートしたいと思います！
386	5	リピートです！Ω型で柔らかく、呼吸も楽でまさに快適です。オーソドックスなプリーツタイプもカラーバージョンで持っていますが、病院や遠方への外出時はやはりこちらを使います。お値段も本当に手頃です。マスクの装着感に細かい主人も「これなら！」と太鼓判。他のモノをたくさん試したわけではありませんが、この価格でこの品質は、マスク必須の今の世の中としては、本当にありがたいです。
387	4	今さら気づいたマスクって、ネットでまとめて買えばお得なこと(笑)(´▽｀)…なぜ今まで気づかなかったのか！反省&#128166;
388	5	リピートです。とてもリーズナブルで使い易い商品です。
389	5	オメガプリーツだし耳も痛くなりにくいゴムだし、不快感もありません。それでこのお値段なので以前も注文して、今回もリピートです。ただ私には大きいのでいつもホチキスでサイズ調整して使用してましたが、小さめもあるとの事なので、私には小さめサイズを今度買ってみようと思います。
390	5	主人用に購入しました。良い商品ですが、夏にはちょっと暑いようです。
391	5	リピート購入です。やはり不織布が安心です。
392	5	肌触り等気に入っていてリピート買いです。
393	5	もう何度も購入しています！新しくいろんな色が出たので悩みましたが、仕事で使用する事もありホワイトでリピです。息子がオメガプリーツでないと使えず（鼻口まわりを空けておきたいらしい）家族全員でお世話になっているのでかなりの頻度で購入していますが、今までに1度も不良品にあたった事もありません。まだまだマスクが必要な世の中なので、これこらもよろしくお願いします。
394	5	リピートです。いろいろな不織布マスクがある中でこの商品が一番良いと思っています。
395	5	子供が気に入っていて 2度目の購入です。今まで不備もなく  たすかってます。
396	5	前回も購入して、特に耳が痛くならないのが気にいって２回目の購入です。発送も素早くて、信頼が置けるショップです。
397	4	ちょうど良いフィット感で、耳も痛くないです。質感が若干薄いかなと思いましたが気にならなくなりました。
398	4	安いマスクはゴムが取れがちですが、こちらの商品は丈夫で取れたことがありません。お手頃価格なので、リピートしてます！
399	5	3回目の購入です。使い勝手が良くとても助かっています。
400	5	色々購入しましたが、こちらの商品がフィット感が良いです。
401	4	初めて購入まだ、使いはじめですが良さそうです。裏表が分かりにくいのと、ゴムが短いのがあったため星4つです。購入日時 2022年7月13日 22時7分37秒注文番号 351180-20220713-0416913735
402	5	めっちゃいい。オメガプリーツ初めてです。今までで一番息しやすい。サイズも少し小さめにして大正解!ぴったりフィット!リピート決定
403	5	ゴムひもが長く、柔らかくて使い心地が良かったです。またリピしたいです。
404	5	大きなサイズで顔もすっぽり、助かります。耳も痛くなく、リピです。
405	5	プリーツの形がΩなので、息がしやすくて良いです。4箱同じマスクではなくて、2箱ずつとか選べれるといいのになぁと思います。
406	5	リピートしてます！家族で使ってます。安いのにしっかりしていてちゃんと使えてます！また無くなりそうになったら購入させて頂きます！
407	4	リーズナブルで助かりました。まだまだ続くコロナに備えます。
408	5	色よし、機能よし、リピーターとなりましたー今後とも宜しくおねがいします！
409	4	今回リピしました。このご時世、毎日の必需品なので大容量かつ使いやすいこちらの商品は大変ありがたいです。この値段でもしっかりしてますし、使ってて耳が痛くならないのはありがたいです。
410	5	想像以上に早く送っていただけました。この数量でこの値段は破格だと思います！リピートします！
411	5	とってもやわらかくゴムの部分もかゆくならない。毎日、使っています。
412	5	とてもやわらかくゴム部分が痛くならなく、大変いいです。
413	5	沢山届きました。家族三人毎日使うので、助かります。
414	5	発送が早く助かりました！また、機会があればよろしくお願いします！
415	4	何度もリピ買いしています。耳も痛くならず、マスクの厚みも気にいってます。
416	5	サイズが家族にぴったり。また、ゴムが優しくて耳が痛くなりません。仕事中、一日中つけているので、このポイントは外せません。次回も注文いたします。
417	4	まだまだ当分マスク生活のようなので購入消耗品なので、この価格は助かります。
418	5	ありがとうございました。緩めなのが好きでリピートしています。職場のふっくらな人が顔が痛くなると言うので分けてあげたところ痛みがなくなったと喜んでました。
419	4	以前にも購入しました。柔らかくて1日かけていても耳が痛くならないし楽です母娘3人が毎日使うので まとめ買いが楽です
420	5	このマスクが使いやすくて、リピートです。耳が痛くならないです。
421	5	コスパも品質も使い心地も良く、リピートです。大変満足しています。
422	5	全然耳が痛くならないので、リピしています
423	4	安いのにしかりできて家族皆が使ってます、今回が3回目です、おすすめします。
424	4	不良品もなく普通に使えて安いので良かった！普通サイズ大きめです！
425	5	付けていて息苦しくなく耳も痛くなく良いと思いました
426	5	前回購入した時に 価格の安さに驚きました。大きさもしっかりしているし、口周りのゆとりもあります。また、今回はセールで安く買えました。
427	4	普段使いに、家族で使ってます。消耗品なので、いくらあっても困らない。お得に買えてよかったです。
428	4	いつもリピートしています。これからもよろしくお願いします。
429	5	安いし速く着きました。定期的に買ってます
430	5	商品、無事届いています。前回同じものを購入し、使用感がよかったので、リピートしました。またの機会もぜひよろしくお願いいたします。ありがとうございました。
431	4	付け心地も特段問題なく、今まで5回は購入していますが、紐が切れるなどの不良品は2回だけです。10,000枚のうち2枚なら合格かなと思います。
432	5	お安いですしジャンジャン使えてつけていて楽なのでリピしまくってます。
433	5	希望のお色が無くて残念でしたが、使い捨てなのでお安く購入出来て助かります。生地は薄めです。
434	5	コロナが流行してから、いろいろなマスクを使用しましたが、家族全員が満足で使用しているマスクです。リピート、リピートの再注文です。
435	5	マスクは一度こちらで購入してから、コスパも良く商品も申し分ないので継続して購入しております。厚みもしっかりしており、耳が痛くならないのがいいですね。
436	4	耳も痛くなくてとっても着け心地も良かったです
437	5	仕事（病院）で使っています。お値段が手頃だったので、あまり良くなければプライベートで家族と使おうと思っていましたが、充分でした。毎日使っています。またリピートしたいです。
438	4	耳も痛くなりません。何度も購入しています。
439	5	家族で毎日使うのでストック用に購入しました安くてつかいやすいですクーポンで更にお安くなりお得ですね
440	5	安価の値段でこの枚数、3回目の注文でした。マスクを付けても耳が痛くならないし、紐も切れにくいのがとても気にいっています。毎日マスクを使用するのでまた、無くなり次第また、注文したいです。有り難うございました。
441	5	リピ購入です。このマスクの付け心地が良いと主人と息子が絶賛。耳も痛く無いので無くなる前にまた購入します。
442	4	前回購入して良かったので、リピです。耳も痛くないです。子供もいいなと。私は仕事上よく交換するのですがつけ心地は良いです。家族も使うので200枚の方に今回しました。なくなればまた購入します。
443	5	息子が気に入っていてリピート買いです。フィット感が良いそうです。
444	5	お値段もお安く家族で使うには家計にも助かります。
445	5	とてもよく無くなったらリピートしたいと思います。その前に早くコロナが治りますように。。。
446	5	息子のためにチャコールを購入しました。黒よりソフトに見えて、耳も痛くならず、使い心地が良いみたいです。
447	5	早速使ってみました。 耳の紐の幅が実測ミリもあり、丸一日12時間使っても耳が痛くならないです。コスパとっても良い商品と思います。買ってよかった。
448	5	2度目の購入です。顔が大きいのが悩み（約 縦21cm、横幅18cm)な自分でも、目の下あたりまでくる大きさ気に入ってます。1箱に数枚ぐらいの割合でモケモケしたものがあったり、鼻と口元あたりに余裕があるわけではないので、これからの暑い季節には少し息苦しいかもしれませんが（普通の顔の大きさの人なら空白ができてそんなことがないかも？)、しっかりした生地なので、お値段含め満足してます。
449	5	もう何回目の購入かわからないくらいリピしてます。
450	5	２回目購入です。安くてしっかりしてるのでリピートしました。無くなったらまた買います。
451	4	いつも使わせていただいていますまたリピしたいと思います。
452	4	子供の学校にして行く用なので大量ストック用で購入しました。子供達は何も言って来ないので付け心地良いのかもしれませんね？
453	5	まだまだマスクは手放せないのでお得に購入出来てよかったです。発送も早いし使っていても特に問題はないです。
454	5	生活必需品なので使いやすくお値段も手頃な物を購入しました５人家族だとあっという間に無くなります‥
455	5	届きました。ありがとうございました。以前色違いを購入し、とても良かったので再度購入しました。平ゴムですし、少し大きめなのかゆったりつけれます。
456	5	普段使いに価格も品質も十分満足しています。
457	5	1度購入してからのリピです、主人がかなり気にいったらしく、とても着けやすいそうですよ。通気性も良いそうです。
458	5	他の商品に比べ、比較的耳が痛くならずに済みます。長時間の使用はやはり痛くなります。使い捨てるにちょうどよい価格でとても助かっています。
459	5	まとめて安く購入できてよかったです。耳も痛くならずいいです。
460	5	２回目の購入ですが一日中使用してますが息苦しくも無くて最高かなと思ってまこるからずっと使用したいと思います
461	5	長時間の使用でも、耳の痛みがありません、購入して良かったです。
462	5	購入は、4回目です！このマスク以外我が家4人は、誰も使ってません。安いマスクは沢山ありますが、ゴムがすぐに取れたり、耳が痛くなったりと、全てが満足いくものがなかったのですが、このマスクに出会ったからは他のマスクを買おうとは思いません。絶対に買うべきです。
463	5	リピートです。他の商品がきつめの主人が愛用しています。これじゃないと耳が痛いようで…。
464	5	バンバン使うのにちょうどいいので、リピ買いしてます。
465	5	1番このマスクが、家族全員一致で、ゆるすぎることなく、顔にフィットしてこのマスク以外考えられないと分かっていても、ちょっとで良いマスクをも求めて、他のマスクを試しても全く期待外ればかりで、結局このマスクに戻ってきます。家族多いので、コスパもよいし、やはり、肌に1番合ってて、こちらのマスク以外、使えないです。これからもお世話になります。
466	5	注文して、すぐに届きました。値段が安くて、良い商品です。
467	5	何度かリピートしています。耳が痛くならないので良いです。
468	5	品質的にも、価格的にも満足です。長時間付けていても、耳が痛くありません。優しい設計です。
469	4	どの店よりも安く購入できて助かっています。箱が破れていたのが少し残念でした。
470	4	格安で購入でき大変助かります^ ^また、お願い致します^ ^
471	4	梱包もしっかりしててカラーもたくさんあるのでいいです。一枚ずつ上から取れるのも嬉しいですね。機能性は肌に密着するのでそれが難点ですかね。
472	4	薄さは気になるけど とにかく 耳が痛くならないので助かります
473	5	呼吸もしやすく鼻のワイヤーがフィットしてくれて大変良いです。色も薄いブルーで気に入っています！
474	5	主人が気にいり無くなれば購入しています。
475	5	長い時間つけていても、耳が痛くならなかったし、つけ心地良かったです。
476	5	ずっと使用していますが、紐も耳にかけて痛くないし重宝しています。
477	5	マスクの大量買いには安くて助かってます！品質も問題なく良いですね！
478	4	マスク生活は続くので再購入です。前回はホワイトでしたが、今回はアイスグレーを選びました。涼しげな色でいい感じです。取り出すとき紐が引っ掛かるのは若干気になりますが、コスパのいい商品だと思います。
479	4	マスクは特別薄いというわけでもなく普通の厚みで、耳ゴムはソフトな感じなのでちょっと緩い気もしますが、特に問題なく使えています。配達されたときに外側の梱包がビニール製の袋だったので、中でマスクの箱が潰れているものがありましたが、使用には差し支えないと思います。他の方の口コミにありましたが、中の袋が開いてしまうことは段ボール箱での配送に変えられると軽減されるのではないかなと思いました。
480	4	やや小さく感じますが、耳が痛くならないから良いです。
481	5	耳が痛くならなかったので、またリピートしました。
482	4	3年前のマスク不足で高価なマスクを購入したり、手作りしたりで大変な思いをしました。今は安く購入できるようになり一安心しております。このマスクは安いので購入してみました。私にはゴムがゆるい感じです。小さめのサイズが欲しいのですがいつも売り切れで残念です。
483	5	３回目購入リピターです..まとめ買いで学校、社会人、家族助かっています。またおねがいします。
484	5	様々な形のマスクがありますが色々試した中でこのオメガプリーツが一番好きでリピートしています。肌触りも良く ゴムも耳が痛くなりません。
485	5	マスクも少し大きくて肌触りも良くて満足です
486	4	ベルトの肌触りと、革の光り具合か良い感じです。
487	4	何回も買わせて頂いてます。マスク生活が終結するまでよろしくおねがいします。
488	4	こちらのマスクは3回目の購入です。高校受験をする息子の為に少しでも負担にならない様なマスクは無いかと探していた所、このマスクは耳にかけるゴムが柔らかく、頬の脇の部分もぶかぶかせずにフィットして本人も気に入ってくれています。今の所不良品が入っていた事はありません。4箱購入したので、しばらく持ちそうですが、次もまた購入したいです。
489	4	リピートです。お値段もお手頃で家計に助かります。
490	5	リピート買いです。個人差はありますが、ゴムの痛みが無く、快適に着けて過ごせます。
491	5	無いと出歩くことも出来ないと思ってしまうとネガティブですが、花粉などから守ってもらえてると思えばと気持ちを切り替えて...オメガプリーツでこの金額ならいう事なしです。
492	5	パープル買いました。写真で見たより濃いめの色でしたが気に入りました。
493	5	消耗品なのでお値段もお手頃で満足でした。
494	4	早く届いて有難かったです。片方の紐がちょっと絡まって取りずらいのもあり、その影響で紐がびょーんってなってしまってたので、星4つにさせてもらいました。
495	5	安い割に紐のほつれなどの不良品がないので、リピートしてます。
496	5	今回２度目の注文で、8箱注文しました。長時間使用しても耳が痛くならず、快適です。
497	5	主人に仕事用に長時間使用しても耳が痛くならないマスクを買って欲しいにとたのまれたのでこちらを購入しました。長時間使用しても耳が痛くならなくて喜んでいます。また宜しくお願い致します。
498	5	毎回購入させて頂いています。つけ心地もよく耳も痛くならないので家族で使っています。またなくなりかけたら購入したいと思います。
499	5	消耗品のマスクはまとめ買いですね。仕事柄、お客様に配っております。またよろしくお願いします
500	5	とてもコストパフォーマンスが良い製品で品質もとても良いです。
501	5	欲しかった色が売り切れで、初めてピンクを購入しましたが派手すぎず薄いピンクで違和感なく着用しています。またなくなったらリピしたいです。
502	5	耳が痛くならずに、息がしやすいマスクです。大きめの不織布で顎の下までしっかりとカバーしてくれるので、夫も気に入っています。今回セールでお安く買えてコスパも良かったです。
503	5	旦那さん用に購入。普段使いならこれで十分。
504	5	色も綺麗でつけやすいです。発送も早かったです。また購入します！
505	5	耳も痛くなく、息もしやすく、リピート買いしました。
506	5	息子がこのマスクしか使いたがりません。呼吸が楽だそうです。マスク生活に慣れても長時間つけるとなると耳が痛くならない点も含め１番楽なものが良いですね。
507	4	安く購入でき助かりました^ ^また、お願い致します
508	5	定期的に購入してます。顔のでかい私でも耳のゴムが痛くないのが一番のお気に入りです。先週購入しましたが前回の購入から少し時間が経過してたので商品を確認しました。以前と変わらず使い心地が良かったので、追加購入分です。色違いを買いました
509	5	不織布なので通勤などの日常違いかな。と思い購入しました。肌に設置している面はフワフワの素材のものとは違い、カラッとしている素材なので化粧水やクリーム、汗をかいてもベタッとしません。オメガプリーツの特徴で肌の設置面積が減っていることから、トレーニング中にも使用でき、とても役に立っています。無くなったらまた購入します。
510	4	リーズナブルで、耳が痛くならない不織布マスクということで大人用を購入しました。問題なく使えてます。ただ、こちらの商品はプリーツ加工によるものなのか、同じサイズの物より大きいため、喉元にマスクが擦れて少し痛いです。成人女性の平均より顔がやや大きい私がそう感じるので、大体の女性にとっては大きめかと思われます。
511	5	何度もリピしてます。こちらのマスクしか駄目になっています。
512	5	定期的に購入してます。顔のでかい私でも耳のゴムが痛くないのが一番のお気に入りです。先週購入しましたが前回の購入から少し時間が経過してたので商品を確認しました。以前と変わらず使い心地が良かったので、追加購入分です。色違いを買いました
513	5	今までに、このマスクが一番使いやすいです。
514	5	まだまだコロナはゆだんできません。近所の薬局よりも安く購入でき、欠陥品のマスクも含まれていませんのでとても信用できます。定期的に購入も考えています。
515	5	手頃な値段で沢山あるので、また、家庭と職場と分けて使うので助かっています。花粉症の方にも非常に助かりますよ&#10071;&#65039;また、注文したいです。有り難うございました。
516	5	お安く購入できましたので、すぐにリピート買いしてしまいました。耳が痛くなることもないので、これからも、使用していきたいと思ってます。
517	5	すぐなくなるのでまとめ買い安価で買いに行く手間も省けてありがたいです発送も早くて助かりました
518	4	先日、到着！即装着しました。ピッタリとしたヒット感でいずくもなく、使い心地は良いです。私の顔の大きさにあっていると思います。
519	5	使い心地がよいです。リピート買いしてます。
520	5	一回試して問題ない品だったので追加で倍の数を購入させてもらいました。数あるマスクの中で白色不織布ならかなり使用感がよく、他を試す必要がなくなりました。
521	5	サイズ、ゴム、厚さ全て私的にピッタリです。お値段もリーズナブルで助かっています。このマスクはマスクが品薄の時から使用していて凄く助かり気に入っています。今は色々とマスクの種類が出ていますが、これが最高です。
522	5	これは、お買い得でした。サイズ感もよく、ぴったりとしてます。今後も考えて、もう1セット購入します
523	4	ちょうどよいサイズ感で、幅広ゴムのため長時間付けていても耳が痛くならず、よい商品です。マスクは発送まで時間がかかるショップも多い中、迅速に御対応いただきました。箱にびっしりとマスクが入っていて、最初の10枚ぐらいはゴムが引っ掛かって少し取り出しにくいため、その点を改善していただけるとなおよいと思います。
524	4	まだまだマスク無しに戻れそうに無いので買わせて貰いました。まだ前のがあるので使用してないですが、良ければ又リピートしようと思います
525	5	とてもたすかります。またこうにゅうします。
526	5	コストパフォーマンスも良く品質も良いと思います。
527	5	ありがとうございました。届きました。きれいな薄紫色でした。お得に購入出来て良かったです。
528	5	リピ購入ですコスパ的にも重宝で、我が家の必需品です
529	5	娘の希望商品です。このサイズがなかなか見つからなくて困ってました。本人も喜んでます。ありがとうございました
530	5	すぐに届きました。家族で毎日の使い捨てに200枚は助かります。柔らかく耳が痛くないです。今回普通を注文しましたが、女性には小さめでも良いのか？と思うフィット感でした。そこは難しいですよね。
531	5	早い段階、良い、カラフル、信頼できる優良業者さんですわ！クーポンよろ！注文番号 351180-20220205-0472704593
532	5	タイムセールでお得に購入できました。品質もいいと思います。
533	5	耳当てもソフト感がありマスク事態きっちりのフィット感で良い感じで使えそうです、次はカラーもと考えてます
534	5	肌触りがいいですね。耳も痛くならず使いやすいマスクです
535	4	口元が、広いので楽です耳かけのゴムも太めで痛くなりません。再購入を考えています。
536	5	夫用にフェザーブルーを注文しました。本当はアイスグレーが欲しかったのですが、欠品でした。やはり人気なのですね、なかなか気に入った色の在庫がありませんがとにかく質が良く、クーポンで価格がとても安いのでリピートしています。フェザーブルーは想像通り少しくすみがかった青色で綺麗な色です。男性にも素敵だと思います。このマスクの最高なところは耳が痛くなりにくい平ゴムです。１日10時間以上付けている夫も耳の痛みからくる頭痛から解放されたようです。
537	5	まだまだマスク生活が続きそうなので、買いました。日本製なのに、値段もお手頃で、安心して使えそうです。
538	4	大変迅速に対応して頂きありがとうございます&#128522;助かりました^ ^
539	5	値段も安く、耳も痛くなりにくいですしマスクも問題なく使えます。良い商品です。
540	4	不良品が〜とのコメントが見受けられるが、今回購入した物は特に問題無さそう。匂いが気になるかもとのコメントからすると、確かに若干匂い配送有るけど不快と言う程では無いかな。これは個人差なので気になる人は気になるかも？製品的には、耳も痛くなく、フィット感も悪くない。眼鏡ので曇りにくさは可も非も無く、どちらかと言えば曇りにくい部類に入るかな。マイナスな点は配送が遅かった所位。
541	5	有り難うございました！また購入します！
542	5	家族のお気に入りです。きちんとフィットして良い感じ また購入します。
543	5	今の世の中マスクは必須！！家族全員使えて大満足！！耳もいたくらなずジャストフィット！無くなる前に買い足してます。このマスクが1番使い心地がいい！！
544	5	以前購入してよかったので、何度か購入しています。
545	5	この量でこの価格でこの質は最高です！まだまだマスクが必須な世の中なので重宝します&#128588;耳は痛くならないです！息子は黒が欲しいとのこと。再販望みます(*≧∀≦*)
546	5	迅速に対応していただきありがとうございます。使い勝手も問題ありません。
547	5	高校生息子。気に入らない物は使用しないタイプですが、こちらの商品はまた頼んでと言ってきました。リピートです。大きさやフィット感が気に入った様です。
548	5	カラーも思っていた通りの淡い色で、顔が明るくなります。 大きさも鼻も顎もしっかり包むのでずれません。
549	4	2回目の購入です。相変わらず注文から発送、到着までは早くて大満足でしたが、商品の形状的に仕方ないけど箱が潰れて届きました。中身に影響は無いので たいした問題ではないです。
550	5	何度もリピートしてます ゴムが優しいよ、これに尽きる
551	5	長く付けていても不快感なく、今までで一番フィットしたマスクです。
552	5	二回目の購入です。お値段も普段から気兼ねなく使えるお値段で非常にありがたいです。品質は問題なく、家族皆毎日使っています。注文からあまり間が空かずに届き、助かりました！また注文させていただきます。
553	4	耳が痛くならないと言うキャッチフレーズで買いました。確かに耳は痛くないです。少し緩めかな？と言うくらい。4箱のうち、まだ1箱しか使ってませんが、内側にくる不織布の多少のパサつきが気になりました。前のマスクと比べると多少パサつきが有りケバケバしてる感じです。気にならない人は気にならない程度だとは思いますが、私はつけた瞬間から、多少気になるので星は4つです。
554	5	いつも発送も早くて助かってますありがとうございます
555	5	リピです。使いやすく、匂いもないです&#9786;
556	5	使ってみて とても良かった！耳も痛くならなくて 息苦しくなくて そして このお値段。もう満足です。毎日使うものなので ほんとに助かりました。
557	5	素敵なお色のマスクで助かりました。毎日白いマスクの連続では寂しいかと、、、春に向けて優しいお色のマスクを購入致しました。
558	5	ゴムが柔らかく耳が痛くありません。サイズも大きめで男性にはいい感じのフィット感だと思います。息もしやすく良いマスクだと思います。
559	4	太めのゴムが使用されており、耳がぜんぜん痛くありません。とても良い商品だと思います。
560	5	お手頃価格ですし、すぐに届けて頂けるのでリピート買いしてます。また買いたいと思います
561	5	何度もリピしています。大きいので顔がスッポリ隠れて気に入ってます。
562	4	このところマスクはこちらで購入させて頂いています。ゴムの太さ、マスクの厚みもちょうど良く、安いマスクを探せばもっとありますが、このマスクでこの値段は納得しています。
563	5	迅速に発送していただきました。お安くマスクが手に入りました。また 利用したいです。
564	5	マスク生活で敏感肌になってしまったのでコスパ良くて質も良いマスク探してました。今まで使っていたマスクが丁度無くなる頃に届いたので配送から到着まで早くて有難かったです。生地は値段の割りに柔らかくて敏感肌の私でも長時間マスクしていてもチクチクしたりせず耳も痛くならないですし、普通サイズでも大き過ぎず小さ過ぎずピッタリでした！大容量でこのお値段はこのご時世助かりました。暫くは買わなくて済みそうですが無くなったらまたリピしたいです。
565	5	耳が痛くならず使いやすいです。マスクは今や生活必需品ですがコスパも満足です。
566	4	毎朝の外出時に使えるように個装されていない大容量のマスクということでこちらを購入しました。カラーバリエーションが豊富だけど、カラーチャートを参考にチェリーブロッサムにしました。色ははっきりしているけど肌なじみもよくお気に入りになりました。品切れのカラーがなく、カラーを組み合わせ買えるともっと良かったです。
567	5	リピです！お手頃価格で購入出来て良かったです！
568	4	説明にもある通りゴムの紐が太いので耳が痛くならないし、大きさもちょうど良いです。不織布もざらつかず、痒くなりません。値段も安いので助かります！
569	4	主人用に購入。コスパも良くていい買い物ができました。
570	4	今のところ問題ありません。購入者のレビューを見てると底のほうでダメなマスクや開封済みのものがあったりするようですが、今のところ正常品です。良い買い物ができました。
571	4	付け心地の良いマスクです。リピートしたいと思いました。
572	5	前回購入し、耳のゴムは痛くなく、家族から頼まれました。この時期でまとめ買い。またお願いします。
573	4	長時間つけていても耳が痛くなく、マスクの匂いもないです。ただ、鼻の所のワイヤーが弱い？感じがして鼻のラインにピッタリしないので隙間ができて自分的にはそこが微妙でした。なので寝る時や短時間のスーパー位の買い物に使用しています。自分は仕事が接客業でなんとなく隙間が気になるので少し耳は痛くなるのですが鼻のワイヤーの所がしっかり密着するタイプを使ってますが、この商品自体はとても付けやすい商品だとおもうので、ワイヤーがもう少ししっかりピタッとしてれば完璧だなぁと思いました。
574	4	ヒモも柔らかくて、これは耳痛くならないですみそうです。あと普通のマスクよりHが広いのかな？それも嬉しいポイントですね。また、購入したい。
575	4	付けた時のフィット感や肌触りや紐の柔らかさもちょうど良いです。
576	5	この時期、マスクは必需品です。品薄状態は解消し、どこでも購入できますが、価格も安くお手頃です。
577	4	今までのマスクは耳紐が細く痛くなる時有りましたが、この製品は耳周りのタッチが柔らかいので掛け直す事もなく長時間快適でした。
578	5	娘以外の家族全員が気に入って使ってます。特にこだわりの強い息子は、こちらのマスクしかしません。いつもまとめ買いしてます。またリピートします。
579	5	使い心地が良く家族で使用しているのでいつも購入してます
580	5	リピートしています。家族全員、このマスクがいいといいます。
581	5	耳紐の幅があり耳が痛くならなくて良いです。立体マスクなので仕事で着けていても、マスク内が汗をかいても口の周りにあたらず良いです。
582	5	まとめて購入できてよかったです。オミクロンの猛威に花粉の時期も重なるのでマスクは沢山常備しておかないといけないと思うので。
583	4	毎日の消耗品として購入。補正も紐の状態も問題ありませんでした。
584	5	またオミクロン株が増えて来ているので、子供へ送りました。セールという事もあり、お安く購入できて助かります。
585	5	段ボールに4箱入って来ました。痛くないゴム紐でマスク部は思ったよりしっかりしていました。安くて良い品物、流石1位のマスクです。また購入します。
586	5	耳が痛くなく快適です。品切れ中のチャコール入荷アリで迷うことなく即購入しました。また違う色が入れば購入します。
587	4	紐が太くて耳が痛くなりにくいです。袋から出すとき引っかかって取り出しにくい時がありますが、マスク自体は使い易いです。値段も安くていいと思います。
588	5	お値段の割に肌触りも良く匂いもしないので、良いです！リピしていますが今回初めて箱が潰れて中のビニールもちょっと破れているものがありました。汚れや匂い等もなく大丈夫そうなので、そのまま使用してますが、気になる人は気になるかも。クッション材などないので、箱の多少の潰れも気にならないなら良い商品だと思います。
589	5	つけ心地も良く耳の紐も気にならないので良いと思います。
590	5	毎日使うマスクなので、耳の痛みも感じにくくてストレスフリーな感じで重宝しています。
591	5	リピートです。耳が痛くならなくていいです。
592	4	頭が大きいのでサイズで失敗しないように控えめに購入しました。結果的に全く問題ない大きさで、使い切ったらリピートしようと思います。耳ゴムが平くて耳に優しくて助かりました。
593	5	商品が無事に到着しましたありがとうございますまた機会がありましたら利用したいと思いますありがとうございました
594	4	使用されているゴムが幅広で柔らかいので、耳が痛くならないところが良いです。お値段はもう少し安い物もありますが、使用感がよいので、満足です。
595	5	耳に当たるゴムが太くて、付け心地はよい。数回リピート買いしてます。
596	5	この価格でこの枚数はかなりお得でした。使用感も特に問題なく紐が切れたりする事もなく快適に使っています。
597	5	何度目か分からない位リピしてます。こちらのマスクにすっかり慣れてしまい、先日別のマスクをつけたら匂いが気になりました。これからも買い続けようと思います。
598	5	注文から受け取りまで、とてもスムーズでした♪梱包状態もとても綺麗でした&#10071;&#65039;また、利用しようと思います♪
599	5	同じくらいの価格のマスクと比べるとしっかりしていると思います。リピート買いしてます。
600	5	不良品がなく、耳の痛い感じもないので、リピしました。
601	5	質感も柔らかく、耳も痛くならない。この値段だとリピート間違いなし。おススメです。
602	5	特に問題なく使用感も良く気に入りました♪他のカラーも欲しくなりますねー
603	5	顔の大きい旦那さんでも使えるマスクなんで気に入ってます。
604	5	安いマスクはよくゴムが切れやすいと感じておりましたが、本品にその点は全く問題ありませんでした。価格の割に質感も申し分なく、毛羽立ちも少なく満足して使ってます。梱包のみちょっとした問題があり、4箱をビニル袋に包んだだけの簡易包装でしたので、少し箱の潰れが確認されました。。運送屋が丁寧に扱ってくれたのでこの程度で済んだかなと。安いのでリピートありかな。
605	5	何度かリピしています。とにかく柔らかくてつけやすい。コスパが良い。
606	5	いいマスクです。いい商品をお安く購入出来ました。
607	5	リーズナブルで耳も痛くならないし、大きさもいいです。
608	4	マスクの在庫が少なくなってきたので購入しました。耳が痛くなくしっかりとガードできる不織布のマスクを検索していました。白いマスクばかり使用しているので少し色のついたマスクがいいかな〜と思い探していました。薄いピンクを水色を選択しました。洋服も選ばない色かな〜と思いましたので!(^^)!
609	5	必需品なので、安価で購入出来良かったです。
610	5	不織布のマスクがなくなってきたので楽天セールで探してこちらを購入しました。以前違うお店で購入したものが、すぐにゴムが切れてしまって失敗したのでレビューを参考にこちらにしました。こちらの商品はゴムがしっかりしていて耳も痛くなりにくいと思います。数箱分をお得に買えたので良い買い物をしました！
611	5	耳が痛くならず、しっかりした作りです。なくなったらまたリピートしたいと思います。
612	5	耳が痛くならないです！またリピートします！
613	5	あまり耳も痛くならないので、何度もリピートさせてもらってます
614	5	リピートです。付け心地も良く、紐切れもないです。
615	5	商品紹介通り、耳も痛くならないし、やわらかいです。
616	4	画像よりゴムの部分が太い気がします。耳が痛くなりにくそうで、期待大です。実際には使用していませんが、現在使用しているものよりも使いやすそうです。
617	5	いつも愛用しています。以前使用していたマスクでは耳が痛く、長時間の使用は苦痛でしたがこのマスクを使用してからはそれまでよりも長い時間使用でき、大変満足しています。リピート継続商品です。
618	5	リピート購入です。肌触りも良く、耳が全然痛くならなくてすごく気に入ってます。すぐ売り切れるので、再入荷メールが来てすぐに注文しました！
619	4	定期的に購入しています。使いやすく、お手頃です。
620	5	リピートです！今回もなんの問題もないです！
621	5	毎回購入していますが、非常に良い商品です。不織布がごわごわしていなくサラッとしているので着け心地がいいです。１日着けていても耳が痛くなりません。今のところこれ以外は考えられません。これからも当然リピ確定です。
622	5	はじめてオーダーでした。注文したらすぐに届いて助かりました。
623	5	毎回購入させていただいております。ゴムの部分が平なのでつけてても耳が痛くならないし、ゴムが切れるのもあまりないので愛用させていただいております。
624	5	家族で使っています。大容量でよかったです。
625	4	装着感はとても良いです。耳も痛くないし年行った親にも好評です。
626	4	耳が痛くならないので、何度もリピートしてます。毎日使うものなので、安くて助かります。
627	5	友人からの紹介で何度もリピートさせていただいてます！耳が痛くならないので長時間付けていても問題ないです！
628	5	枚数もカラーも多いので助かります。色々なカラーが選べるのが楽しいです。
629	5	呼吸もしやすいしすぐ商品が届くから良いと思います。
630	5	非常に対応が早くいつもリピートしています。
631	5	枚数が多く、お得なので、とっても助かります。耳掛けが平らなので、ずっと着けていても、耳は痛くなりません。耳掛けが取れて使えないという事もなかったです。
632	5	注文してすぐ届きました。無くなったらまた注文したいと思います！
633	4	リピート購入しました。個包装ではありませんが、品質も安定しておりコスパは良いですね
634	5	安くて大満足です！耳も痛くならないし、とても使いやすいです。まだまだマスクは必需品なのでありがたいです。
635	5	二度目の購入です。少し硬めですがその分しっかりしており、一日中付けてても型崩れしません。オメガプリーツで呼吸もしやすいと思います。毎日使うものなので、このレベルをこの値段で販売いただけるのは大変ありがたいです
636	5	生地がしっかりしていて、安心感があります
637	4	サイズもぴったりで大容量なので、助かってます。
638	5	肌に合って使いやすいです。家族も気に入ってます。
639	4	リピ買いです。耳も痛くなりにくく、とても使いやすいです。また、違う色も購入したいと思います。
640	5	こんなに安いのに普段使いには何も問題なく、リピしています。ドラッグストアではこんなに安く買えません。
641	4	耳が痛くなりにくいので気に入っています。夫は長時間つけると痛くなるようですが、以前使っていたものよりは楽だと言っていました。
642	5	他のマスクをつけて、こちらのマスクの良さがわかった息子。たくさん種類がありますがなかなかフィットするマスクに出会えなかったようで、こちらのマスクが欲しいと言ってます。また購入させて頂きます。
643	5	リピートしています。サイズ感もちょうど良く、ちぎれたりしたことはありません。
644	4	耳が痛くなくて、使いやすかったです。これからもリピートします。
645	5	価格もやすく、発送も早く、安くてもゴムが切れることなく丈夫です。一度使うとこのマスクがいい！と、思ってしまうそんな品物でした。
646	4	到着早かったです。仕事上、白マスクしか出来ないので200枚でこの価格満足してます。
647	5	3回目の購入です。ゴムが柔らかくて耳が痛くなりません。名前の通り爽快適です。
648	5	リピ買いです。いつも家族で使うので助かっています。今回は中の箱が全部何故か潰れてしまっていて、中身には問題ないのですが、少し残念でした。
649	4	リピート購入です。前回購入より若干値上がりましたが、まだまだお買い得です
650	4	大きさ、ゴムの質、マスク生地、それぞれ満足しています。
651	5	初めての購入です。耳は痛くならなかったし、立体プリーツのおかげで口の周りに空間ができて良いです。
652	4	軽くて圧迫感はなく、耳の痛みもありませんが、ほどよく顔にフィットします。これまで試したマスクの中では最も違和感なく使えるので、繰り返し注文しています。
653	5	価格以上にしっかりしていて、定期的に購入し愛用しております。とても満足です。
654	4	届くのが早くてよかったです！またリピートしたいです。
655	4	最近ちょっと値上がりしてるけど円安でしかたないのかな、、、
656	5	安いし、書いてある通り耳が痛くならない。良い買い物をしました。
657	4	耳も痛くなく、安く買えて良かったです。また、購入します。
658	4	いつもありがとうございます。本当に使って耳もいたくならし安心して商品です。
659	5	とても付け心地がいいです。またつけていても息苦しさがないです
660	5	耳にあたるゴム紐はやわらかく伸びもあり大変満足しています。
661	5	とても良かったので、リピートです。耳が痛くなりません。
662	5	大変スピーディーで丁寧に配送していただきました。商品に関しても大満足です。
663	5	素材、サイズ感、とても気に入ってます！！今回2回目の購入ですが、なくなったらまたリピしたいと思います！
664	5	何度もお店に買いに行ったりとかめんどくさい……て時にこちらを見つけて何度か購入させていただいてます。紐が細くなく痛くならないのでとてもいいですら、
665	5	コストと品質のバランスが良かったのでリピートしました。耳の紐が平（きし麺みたいな感じ）なのも嬉しいところです。
666	5	耳が痛くならないはその通り、大きさも男性でも十分です。
667	5	リピート購入です！主人用に購入。毎日着けています。良いようです！耳が痛くならないのが良いですよね。
668	5	4回目のリピートです。値段もお手頃だし、耳裏が痛くならないので使用してます。
669	5	3回目のリピートです。耳が痛くならず、使い心地が良いです。息苦しいことも無いですし、大容量で買っても問題無いです。
670	5	手頃にたくさんストックできてありがたかったです。気兼ねなく使えます。
671	5	いつも愛用しています。耳も痛くならないし、しっかりホールドするので安心です
672	5	安価ですが、近所のスーパーで購入した同額のものとは品質が違います。
673	4	思ってたより柔らかくて使いやすかったです！ぜひ次も購入したいと思います。
674	4	注文して早く届き、助かります。マスク自体も悪くありません。
675	5	迅速な対応ありがとうございました。夫婦で毎日使用しますので助かっています。
676	4	問題無く使えて 耳も痛くないです。使わなくて良くなる 世の中になるまで使うには良い商品です。
677	5	シンプルで使いやすいです。一日中使用しても、毛羽立ちもなく、耳も痛くなりません。家族で使用するため、年に数回リピートしています。
678	5	もう7回購入してなかなかの浸け心地です   家族にも好評です
679	5	頼んですぐに届きました。梱包もきちんとしていました。とても安く買えて、満足です。
680	4	数回目の購入です。到着も早かったので助かりました！
681	5	すぐに届きました。柔らかくて使い心地も良いです。ありがとうございました。
682	4	発送も早く助かりました。ありがとうございます&#10025;.*&#730;
683	5	使いやすくて、ずっとリピートしています。
684	4	値段もお手頃で耳ゴムも食い込みませんので、耳の痛みは軽減できました。安っぽさはありますが使い捨てなので十分です。
685	5	リピ買いです。フィット感がよくお気に入りです
686	5	柔らかめの不織布で、ゴムも柔らかく耳が痛くならないし、呼吸も楽です。4箱も多いかなと思いましたが、白色なので飽きないから買って良かったです。
687	5	リピート購入させて頂いてます。耳が痛くならず気に入っております。
688	4	いつも購入させてもらってます。使い捨てマスクとしては十分な品質だと思います。まとめ買いでこまめに交換しています。
689	5	可愛い色がたくさんで楽しみです！色んな色があるので気分でかえれます！
690	5	息子に購入しました。紐が太めで柔らかくて、全く耳の痛みがなく、サイズも丁度良い。４箱購入したけどこれ正解!!と連絡くれました。またリピートしようと思っています。
691	5	値段は安いですが、特に問題ありませんでした。呼吸もしやすいですいです。耳も痛くなりません。１日に何度か交換するので、コスパがいいのはとても助かります。
692	5	こちらのマスクは本当にお気に入り。紐が切れたことはないし、何回もリピートしてますが肌荒れせず顔にフィット。不良品なし。ここのマスクしか使えません。
693	5	何度目かのリピです。いちばん使い心地が好きで家族みんなで使っています。
694	5	使いやすいです。特に困ったことはないです。
695	5	今回もリピーターしました。敏速な対応有難うございました。商品も気に入ってます&#12316;&#128522;
696	5	3度目のリピートです！マスクのサイズもちょうど良い！配送も迅速ですぐに届きます
697	5	マスクはいつもここで購入しています。耳が痛くなりにくいので、助かっています。
698	5	この1年ほどずっとこちらのマスクを使用しています。つけていても息苦しさもありませんし、耳や肌にも負担がなく、とても気に入っています。しかもこの量をこのお値段で買えるお得感。ストックがなくなったらまたリピートさせて頂きます。
699	5	サイズもちょうどよく、耳も痛くなりませんでした。
700	5	リピートです。お値段も安く、着け心地もよく、発送も早くてオススメです。
701	5	安価だし、この品質なら文句なしです。ゴムも平ゴムで、耳が痛くなりません。２度目の購入です。なくなったらまたお願いするつもりです。
702	5	無事届きました！しっかり箱も潰れておらず、良かったです！
703	5	2回目の購入でした。ゴム紐も耳に圧力かける事なくリーズナブルな上に品質も間違いないと思います。
704	5	いつも息子が愛用しています。ニキビ肌で肌荒れがありますが、このマスクは肌触りも優しく、使い心地がいいようです。
705	5	仕事で毎日使うものなので、安く購入でき助かります。使用した感じも問題なく、また購入したいです。
706	4	リピ購入です。他と比較してどうかよく分からないですが、紐が千切れることもなく問題なく使えます。今回ネイビーが品切れでブラックにしました。まあまあです。
707	5	マスクがまだまだ必要で、200枚安く変えたのでよかったです。いいマスクです。これから、毎日使います。
708	4	使いやすく値段もお手頃なのでずっと使っています。少なくなってきたのでまた追加購入予定です。
709	4	少し薄目ではありますが、本当に耳が痛くなりません。家族みんなで使うため購入しましたが、女性の私には少し大きめでした。男子中学生の息子にはちょうどいいようです。
710	5	リピートさせて頂いています。いつも迅速に対応頂きありがとうございます。
711	5	リピートです。耳も痛くなく、作りもしっかりしていて大変助かってます。値段もお手頃なので、この先もリピートし続けると思います。
712	5	小学3年生用に購入。耳への負担も少なく、淡いブルーを気に入ってます。
713	4	価格も安く、口元に張り付かないプリーツで快適です。4箱の購入なのでしばらくもちますが、無くなったらリピートしようと思います。
714	4	肌ざわり、大きさもよかったです。また、買いたいです
715	5	長時間使用しても耳が痛くならないので、リピしてます。
716	5	特に問題なく使用できます。助かりました。
717	5	いつも利用させて頂いてます。ありがとうございます。
718	4	いつもなくなるとリピしています。マスクは衛生面において、定期的に替えてこそだと思うので、このお値段はありがたいですね。
719	5	初めて購入しましたが、何の問題もなくとても良かったです。普段使いにもちょうど良いと思います。コスパ的にも満足です。
720	5	リピートで主人用に購入しました。いやな匂いもなく、フィットするので気に入っているようです。また減ってきたら購入予定。おススメです。
721	5	仕事でも使うので沢山あって、安く購入できたので良かったです
722	4	肌に優しく素材がしっかりしていて、肌触りも良いので安心してつけれます。
723	5	毎日使わせてもらって、たいへん満足しています
724	5	使い心地がいいマスクです。これからも使い続けます。
725	5	まだまだマスクが必要な中、コスパ面つけ心地共に満足です。
726	5	もう何回目のリピートか分かりません。コスパが最高ですね！
727	5	成人男性にちょうど良い大きさです。匂いもないしコスパが大変良く、満足です！
728	4	普段使い用に購入しました。満足しています。
729	5	眼鏡が曇にくく着けやすいです。また次回もお願いします。
730	4	ふつうサイズで大きさも紐の太さ・長さもちょうど良かった。在庫切れで色が少なくライトパープルにしたが色も綺麗。デイリー使いなら全く問題なし。
731	5	リピート確定！安くて耳も痛くならないからオススメ
732	5	本当につけ心地がよく、家族みんなで愛用しています。またリピートします。
733	5	とにかく安いです。耳の部分も痛くなく息子たちも、いつも愛用しています。
734	4	以前購入してよかったので、再度購入しました。顔にマスクの跡がつくのが悩みなのですが、こちらはまったく跡がつかず快適に着用できます。コスパもよいので家族皆んなで着用してます。
735	4	リピーターです。仕事で１日中つかってもモロモロにならなく、耳も痛くならないので家族で使ってます。大容量でドラッグストアーより安いので家計に助かります。
736	5	内側の肌に当たる部分がケバケバしてないか心配でしたが問題なく、まとめて購入できて良かったです。
737	5	色付きが売り切れなので、再入荷希望です。。
738	5	そろそろマスクがなくなるので、耳の痛くならないゴムと書いてあったので注文してみました。値段も高くないし満足です。
739	5	耳が痛くならなくて良いです。このクオリティでこのお値段はお得です！何度もリピートさせてもらっています。
740	5	今回リピ4回目?かな。色々なマスクを購入してきたけど、このマスクが一番柔らかさがありつけやすく、使いやすいです。
741	5	いろいろなマスクを試しましたが耳が痛くならず快適です
742	5	子どもがこのマスクを気に入ってるのでリピートです。毎日学校に着けていってます。
743	5	カラーが肌馴染みよく、気に入ったのでリピします！！
744	5	肌触りもよく､耳も痛くなく、とても気に入っていて､何度目かのリピートです
745	5	届いて早速使ってみました、耳のゴムが広くて耳が痛くならずとても良いです。息苦しさもなく、快適です、マスクは必需品又、利用させて頂きます。
746	4	以前も購入し品質も問題なく安価で購入できたので満足しています。
747	5	以前、同名の簡易包装版を使っていたので、リピのつもりで購入。仕様が少し異なるので同じ商品じゃないかも。比較すると、生地は少し薄い気がする。弧を描くミシン目は広げやすいが見た目は好みが分かれそう。紐が長いのかより耳が痛くならない。
748	4	色々マスクを試しましたが、質感、サイズなどよかったです！！またリピしたいです！
749	5	家族皆んなで使用していて耳が痛くなく安く購入ができるので助かります。また注文します。
750	5	毎回リピしてます。とても使いやすくて耳も痛くならなくていいです。
751	4	2回目の購入です。安い割にとてもいい商品だと思います。
752	4	一度使って家族全員使用感に満足しています
753	5	二度目の購入です。4箱も入ってるのでしばらく買わないで済むし耳が痛くなる事もなく着け心地がいいです。
754	5	オメガプリーツで、平ゴムタイプなのがとても良いです。割としっかりしたマスクでお値段もお安いと思います。いつも白を購入していますが、今度は在庫があれば好きなカラーを選びたいな、と思います。
755	5	リピーターです。紐がきつくないので、買いました。
756	5	リピです。買って良かったと思える商品です。
757	4	マスク作りも良く安心して使用できる商品です。
758	4	非常にお得だと思います。この価格でこの量はすごいと思います。何度か使用しましたが、1日使える耐久性がありました。肌感触はもう少し良ければ最高だと思います。
759	5	ホントに耳が痛くない不織布マスクなので、毎日使ってます。これからもリピートしたいと思っています。
760	5	前評判通り快適なマスクです。値段もお手頃でまた購入したいと思います。
761	4	普段使いに活用させていただきます(^^)
762	4	耳も痛くなく大変良かったです。また利用しようと思います。
763	5	2回目の購入です。値段も手ごろで、耳も痛くならず快適です。また購入したいと思います。
764	5	他のマスクも試しましたが、こちらの商品は耳も痛くならずちょうど良いです。またリピートします。
765	5	主人が使っていますが、大きさもちょうどよく使いやすいようでリピートしています。値段もお手頃で、大容量なので助かっています。
766	4	値段以上に商品はしっかりしています。今までネット買いのマスクはハズレがあったけどこれはフィットしてしっかりした作りです。
767	5	口元のフィット感はしっかりしているのにゴムが柔らかくて耳が痛くなりにくいので気に入って使わせていただいています。
768	5	つけ心地がよく気に入ってます。リピート買いしてます。
769	5	リピートです！子供達が気に入っているので、無くなりそうになったら買い足しています。
770	4	早く届いてよかったです。ありがとうございます。
771	4	会社用に買いました。使いやすいようです。
772	4	主人のお気に入りでもうずっとこれをリピ中です
773	5	使いやすいマスクでした。またリピートしたいと思います。
774	4	耳も痛くなく、快適に利用できました！色んな種類の色も出てるので、今度は他の色でも使ってみたいです！
775	5	不織布に厚みがあり、耳も痛くなりません。２００枚でこの価格、この品質であればコスパもいいと思います。リピート買いしたいと思います。
776	5	普通サイズで大人の男女ともに問題ないです。ひもも柔らかく痛くありません。またリピートしようと思います。
777	5	耳が痛くならず、オススメです。コスパよく、リピートしています。
778	4	少しケバケバしているのが気になりましたが、安いので良きです。
779	5	今まで使用していたものが、顔の大きい息子が耳が痛いというのでこちらをお試しに購入しました。5人家族で消費が早く、お安いので助かります。
780	5	コロナ禍がまだまだ続きそうなので、購入しました。ポイントを差し引いてもお値段以上かなと思います。
781	5	家族が多いので枚数が必要です。お安く買えて助かります。女性には少し大きめのサイズです。
782	5	お手頃で耳が痛くならないのでリピートしています。肌触りも硬すぎず、家族で使っています。
783	5	いつも購入させてもらっています。到着も早く助かります。家族みんなで使っています。
784	5	何度もリピートしています。コスパ最強です。耳も痛くならないので楽です。
785	5	ゴムが太めなので耳が痛くならず、ストレスなしで使用できます。コスパも良いし、何度もリピしています。
786	4	すぐ届きました。ゴムが柔らかいので、長時間でも大丈夫そうです。
787	4	みみのひもががやわらかたいぷでよかったです
788	4	思ったより良かった。次回も購入したい。
789	4	こちらのマスクを家族で常用させていただいています。毎日使うのに不可なく、これからもまた購入させてもらいます。
790	5	毎回こちらのマスクを購入しています。使いやすくて 重宝しています。
791	5	リピートです。1日に2&#12316;３枚使うので、安くて助かってます。
792	5	着け心地も問題なく、たくさん入っているので助かります。なくなったらまたリピートします！
793	4	他のマスクは長時間着けてると、耳が痛くなるけどこのマスクは大丈夫だった。ストレス無く着けれるのでオススメです。
794	5	不織布の生地もしっかりしていて耳ゴムは太さが6.5ミリ程あり長時間着用しても痛くならないので良いマスクがお値打ちに購入できたと思います。次回もリピート予定です。
795	5	耳が痛くならず付け心地もいいです。まだ使い初めですが、肌トラブルもなさそうです。
796	5	耳が痛くならないので、とても快適です。またリピします。
797	4	安くてすぐに届いたのでよかったです。マスクは必需品になったのでリピートしてます。
798	5	2回目購入です。顔の小さくない高校生の息子にもサイズがあっているようです。何よりつけていて楽だしコスパもいいのでこれからもお世話になります。
799	4	安いですが使えています。ありがとうございました。
800	5	注文してすぐに届きました。 また利用したいと思います。
801	4	いつも購入させていただいております。発送も早く助かっております。
802	5	リピ買いです。毎日使ってますが不快感なく快適に過ごせます。
803	5	マスク社会になり数々のマスクを利用してきましたがオメガ型で耳ゴムも痛くならないマスクなのでリピ購入させて頂きました。
804	4	リピート購入です。使い心地も良く、いいマスクです。
805	5	旦那用に買いましたが使い心地もいいそうです！
806	5	リピ買いです。安価なのに大変使いやすくゴムも太めで柔らかいので耳が痛くなりません。次も購入させていただくと思います。
807	4	耳が痛くなりにくく、メガネも曇りにくくて気に入っています。コスパのいいマスクです！
808	5	もう4回くらいリピしてます。ゴムも痛くないし息もしやすいしとても使いやすいです。
809	5	サイズも使い心地もよかったです。ストックがなくなればまたリピートしたいと思います。
810	5	毎日使うマスクなので、耳が痛くならないものが欲しかったので助かりました。
811	5	金額も安く耳も全然痛くならず、これ以外使えない程お気に入りです。
812	5	ずっとリピートしてます！日常利用に全く問題なく安い！
813	5	安価で良い商品です。不良品もなく使用できました。
814	5	とても迅速に対応して頂き、ありがとうございました。毎日、使わせてます。
815	4	使い心地いいです。今回は在庫なしばかりだっので、次は欲しいカラーとサイズを購入したいです。
816	5	こちらのマスクを買い続けて早3年。大きさ、丈夫さ、着け心地も抜群でこのお値段には大満足です！これからもお世話になりたいと思います^ - ^
817	4	こちらは楽天セールの時に何度もリピート購入している商品です。お値段お得ですがしっかりした商品なのでおすすめです。
818	4	何回目かのリピート買いです。耳が痛くならないので気に入っています。不織布は少し薄い気がしますがPFE対応なので安心して購入しています。以前はひもがよく切れていましたが、最近はあまりそういうこともなくなりました。コスパがいいところも気に入ってます。
819	5	リピ買いです。家族で使用しているので、まとめ買いが出来て助かります。マスクもしっかりした作りなので使いやすいです。
820	5	毎日使う物なのでお手軽価格なので助かります。着け心地も問題ないです。
821	5	もうこのマスク以外は使いたくないぐらいリピートしております。緩すぎずきつすぎず、頑丈なのに息もしやすいとても良いかんじです
822	5	家族で利用しています。耳が痛くなりづらく、またお値段もお手頃で重宝しています。
823	5	リピートです。耳が痛くないのでいいと思います。また頼みます。
824	4	すぐきました！耳が痛くならずいつも使ってます。
825	5	匂いもなくゴムも安っぽくなくて良いです。
826	4	毎日使うものなので、購入しました！本当にお得です！また買います！
827	5	りぴーと発注です。毎日仕事で使うし、便利です。また、配送も早い対応で問題なし。またリピートします
828	5	耳が痛くならないので、何度もリピしています
829	5	リピートで愛用しています。今回も大変満足しています。耳がいたくならないし、顔にも非常にフィットしており、いい商品だと思います。
830	4	大容量で使い易く、何度もリピートしています。
831	5	とにかく安いので、いつも利用しています。息子達も、愛用してます。
832	4	初めての黒にしましたが、何となく白より毛羽立ち感があるのは気のせいか？
833	4	いつも夫と一緒に使っています。私には、少し大きめなので、片方の紐を少し結んで調整して使っています。それでも耳が痛くならないです。大容量で安く助かります。
834	4	家族で毎日使用中。色々なショップのマスクを試用しましたが、本マスクがコスパベストと判断しています。
835	4	隙間無く使用出来て使えるマスクですただ欲を言えば個包装なら取り出しも楽ですし価格が上がると思いますますが買うと思います。
836	5	通気性、肌触りがよく、耳周りのタッチが柔らかいので安心してつけられます。
837	5	顔の幅が大きい自分でも割かしゆったり、耳も痛くならない柔らかさです。口元に付かない立体マスクと比べるとまた別物ですが、コスパと使い捨て易さが良いです。使い始めてまだ不良品やゴム切れ等はないです。
838	5	コスパもよく、良い品だと思います。ありがとうございました。
839	4	たくさん入っているので、いつもこちらを利用しています。
840	5	普通サイズで注文しましたが、主人や息子にとっては楽みたいです。他のマスクでは、窮屈だと言っています。
841	5	品質もよく、紐も耳のあたりが柔らかいです。
842	4	耳が痛くならなくて、使いやすく、リピしています！
843	5	いつも買っているところより安くで買えました。耳のゴムも平べったく痛くなりにくいもので、また安くなっていればこちらで購入したいです。
844	5	綺麗に梱包されて届きました。紐が取れてしまうこともなく気持ちよく使えました。
845	5	ありがとうございます！使ってみて再度買います！
846	4	すぐ届きました！若干匂いがあったので&#11088;&#65038;4
847	4	2回目のリピです。耳が痛くならないので気に入ってます。PFE規格でウイルスに効果あるのも購入した理由の1つです。以前は耳のひもが切れていることが多かったですが、最近はあまり見かけなくなりました。今後も高品質のものをお願いします。
848	5	他のマスクからまた戻ってきました。肌荒れも少ないように思います。耳も痛くなりません。購入後すぐに届いて大変助かりました。
849	5	何度目かのリピです。使い心地も良く、配送も早いので満足してます。
850	4	ストック用に白と黒まとめ買いしました。何も問題ありません。なくなったらまた購入します。
851	5	家族全員で使っています。不良品もなく、惜しみなく使えてとても気に入っています。
852	5	リピ購入です。価格も安く、耳が痛くならず快適に使用してます。
853	5	すぐ届きました包装や発送にも問題なかったです。良かったらリピートしようと思います
854	5	量も多くて値段も良心的。配送も早くて文句なしでした。
855	5	10回近くリピしています！不織布も柔らかく肌触りがとてもいいです！平ゴムなので長時間付けていても耳は痛くありません。この品質でこの価格は良いと思います！
856	5	何度も買っています、とても使いやすいです！
857	5	主人がお気に入りです出勤の時には必ず着けて行きますこの商品以外色々購入してもやっぱりこの商品がいいみたいです
858	4	ありがとうございました。数日的とどにきました。
859	5	使いやすく、付け心地も良く、もう3回目の購入です。
860	5	水色を購入。6年生の息子が使っていますが柔らかくて使いやすいです。匂いも有りません。
861	5	何度も購入しています。家族のお気に入りのマスクです。
862	5	大きさもちょうど良くてリピート購入です。他の色も欲しいけど売切れで残念。
863	5	前回買ったものが使い終わりました。耳のゴムが痛くないものを探していて、こちらの商品に出会いました。快適です。リピします。
864	5	お手頃価格なのに不織布の毛羽立ちもなく、着け心地が良いです。
865	5	二回目の購入です。耳も痛くならないのでとても良いです。
866	4	しっかり目の生地で、平ゴムも耳が痛くなりません。1日使用しても内側もケバケバせず、使用感も良かったです。お値段も手頃なので助かっています。
867	5	無くなって違う商品を使うと耳が痛いししっくりこなくて。このマスクは一日中着けてても本当に不快感が全くありません。肌も調子良いです。
868	5	毛羽立たないのが嬉しいです。我が家はマスクと言ったらこの商品にしています。
869	5	耳が痛くならず 使い心地が良くて家族全員で使用してます。
870	5	幼稚園年長の子供用に購入しました。サイズ感も良くお安く購入できて良かったです！
871	5	何度もリピ買いです！嫌な臭いも気にならず、耳への負担も少ないおすすめの商品です。
872	5	何度もリピしています。耳も痛くならないし、お値段もお安いです。
873	4	私には丁度いい肌触り大きさなのでいつもこのマスクを買いだめしてあります。いつも仕事で2枚重ねで使わなくてはいけないのですが、苦しくもないです。値段もリーズナブルなので助かります。
874	5	不良品もなく、通気性もよく、着け心地もいいので、最近はこれしか買ったことありません！
875	5	子供が、耳が痛くならないマスクが欲しいと言い出した為、色々探してこちらで購入、大変お得でした。本人も大満足のようで良かったです
876	5	価格も安く、長時間つけていても耳が痛くなりません。またリピートします！！
877	5	毎日使うから、白をずっとリピートしてます！
878	5	肌触りが良く、耳が痛くならないです。家族の希望でリピートしてます。
879	5	価格も安く品質も安定しているのでもう何度もリピート購入しています。
880	5	家族がこのマスクを気に入って使っていますので、また購入させていただきたいと思います。
881	5	とても気に入ってます。不織布マスクはこれ一択です。
882	4	何度もリピしてます。安くておススメです。早く届きます。
883	5	何度も購入していますが、すぐに届き助かっています。
884	4	リピート購入です。注文から手元に届くまでが早いので大変助かっています。
885	5	眼鏡も曇りにくく、苦しくないマスクで値段も高くなく満足です。
886	4	3度目のリピです。主人は耳が痛くなりにくく、私は、目の下から顎下迄すっぽり覆ってくれます。何よりコスパ抜群！今後も使い続けます。
887	5	職場でカラーマスクが禁止の為、こちらのホワイトマスクを購入しました。耳紐が幅広くてとても柔らかくて使いやすいです。
888	4	何度もリピートしています、安定の商品です。
889	5	コスパいいです。もう何回もリピートしています。
890	5	コロナも再流行傾向でインフルも流行傾向なので、今冬の対策用に準備でき満足です。また、購入依頼時にはよろしく。
891	4	いたって普通のマスクですが、お安く買えて、送っていただけるので、助かっています。
892	5	リピです安くてそこそこ大きいので重宝しております
893	5	使っているのがなくなったらリピートの繰り返しで、このマスクしか使っていません。たぶん7〜8回目になると思います。発送も早いし、製品にも満足しています。
894	4	早く届いたので助かりました。ありがとうございました(^^)
895	5	まだまだマスク生活ですね。耳も痛くならず、このマスクはコスパ最強です！
896	5	注文してから到着までとても早く助かりました。ありがとうございました。
897	4	初めて購入しました。ゴムが太くて柔らかく、マスクも肌触りよくて良さそうです。まだ長時間使っていないのですが楽しみです。ただ、息子が使おうとしたらゴムが切れてしまいました。たまたまかな？
898	4	消耗品で安く手に入るので良い。箱1箱潰れてたので☆減
899	5	商品はすごくいいですよ。またしっかりとしています。リピートします。
900	5	リピート3回目です。他の安価なマスクは使用中にヒモが切れた事もありましたが、このマスクは一度もトラブルなくつかえてます。発送も綺麗で性別問わず、家族全員で使っています。
901	5	何度もリピートしています。生地もしっかりしていて使いやすいです。発送も早くいつも助かっています。
902	4	発送も早く、耳が痛くなる等の問題なく使用感も問題ありません。また利用したいと思います。
903	5	何度もリピート買いしてます。使い心地もとても良いです！
904	4	耳が痛くならないので愛用しています。注文後すぐ届くので助かります。
905	5	迅速に配送いただきました。マスクも快適に使用しています。
906	4	2回目購入。以前他のお店で買ったマスクが家族に不評で、高評価のマスクを探してこちらを購入。大丈夫みたいなので3回目もあるかな…
907	5	毎日使うマスクなので、お値打ちで楽にできるマスクを探していました。とにかく耳にかけるゴムが優しくて楽でした。これから使ってまた購入させていただくつもりです。
908	5	家族で使用しています。コスパ良くリピートしています。
909	5	安くて耳が痛くならないので大満足です。また購入します
910	5	いつも愛用させてもらってます！きつくなくて、これしか使えません！
911	5	ゴムが柔らかくて痛くなりにくい。とっても満足です。
912	5	ずっとリピしています！何がいいかというと、コスパの良さと耳が痛くならない平な紐です！今後もずっとリピします！
913	5	耳が痛くならないので、使い心地がいいです。50枚入り4箱を安く購入できたのでその点もよかったです。
914	5	生地素材も問題なく、値段も安くて本当に良かったです。箱は角などは少し凹んだところもありましたが、問題ないです
915	5	リピート購入です。耳も痛くならないので長時間つけていても問題なく使用できます。
916	5	サイズ感が最高です！大きすぎず小さすぎず、耳も痛くならないのでこのマスクしか使っていません！
917	5	コスパがとても良いと思います。耳も痛くならない。何よりも商品ページがわかりやすいのがいちばんありがたいです。何度もリピートしています。
918	5	付け心地も良く、耳も痛くなりませんでした！お安く購入出来て満足です！
919	5	届くのが早かったです。枚数も多いので助かります。
920	5	何度もリピートしてます。まずこれが一番家族に評判良いです。おすすめです。
921	4	良品とてもしっかりとした造り満足できる製品です
922	5	ネイビーが売り切れの為、今回は黒を購入。ピッタリのサイズ感で満足しております。
923	5	価格がかなり安いのに付け心地が良く満足できるマスクです・口の部分に余裕があり会話しやすい・ゴムが平くてキツくなく耳が痛くならない・余裕があるサイズ
924	5	使いやすくてお安いので、ずっとこちらを愛用させていただいてます。特に不都合なことはありません。
925	5	平ゴムで長時間使用しても耳が痛くならないです。コスパも良く、家族で使用しています。これからもリピートします。
926	5	楽天セールで、初めての購入です。まだ使っていないので分かりませんが、見た感じ問題無さそうです｡
927	5	何度リピしてるか数えられないくらい愛用しています。長時間使用しても耳が痛くなりません。今後もたくさん使います。
928	5	柔らかく、耳が痛くなることもほとんどありません。価格としても、毎日使うことを考えると、ありがたい価格設定ですので、これからもリピートします。
929	5	使い心地のいいマスクでした。お値段的にもお手頃でありがたいです。
930	5	リピートです。耳が痛くならないので、とても使いやすいです。
931	5	愛用してます。使っていて苦しくならず、耳も痛くないのが良いです。
932	5	最初コロナ禍の時に買った商品は良く耳紐が取れてましたけど最近のは全くと言っていいほど取れませんし使い心地もアップしてますね。家は大家族なのですぐ無くなりますがその度にこちらでお世話になってます。これからインフルエンザ等もありますのでしっかり対策したいと思います。
933	4	医療系の仕事で毎回いるので安く購入できて助かりました。
934	4	二回目の購入です。一日中つけていても耳が痛くならず満足です。
935	5	たまーに、肌に当たる部分がコワゴワすることがあるけど、コスパもいいし満足です
936	5	高校生の息子が使用しています。長時間つけていても耳が痛くならなくて良いとリピートです。
937	5	耳がいたくならないし、コスパよくて最高ですリピートしてます！
938	5	家族が1番使いやすいと評判がいいのでリピしました。
939	4	耳が痛くならなくて、サイズもちょうど良かったです。
940	5	注文から配達までが早くとても助かりました。使い心地もよく満足です。
941	4	3回目の購入になります。耳が痛くならい、つけ心地も良く私には合っています。無くなったら、また購入しようと思います。
942	5	品質よし、つけ心地よし、私の定番マスクです
943	4	コロナが流行ってから、ずっとこのマスクを利用しています。耳が痛くならないので、家族みんなで使用してます。
944	5	リピです。耳も痛くならないし これからの季節の必需品です。
945	5	マスクの質感が良く気に入りました！リピートしたい品物でした。
946	4	安く、しっかりした、マスクで家族4人使わせてもらってます。
947	5	注文してから３日ほどで届き助かりました。
948	5	旦那に耳が痛くならないマスクを探してました。大きさも良く一日つけても耳が痛くならない。と喜んでました。
949	5	2回目の購入です。男性50代ですが、大きくて耳ひもも柔らかいのでとても使いやすくてリピートです。品質も良くてお勧めです&#127925;
950	5	すぐに届きました。ゴムが太く、耳が痛くなりませんで
951	5	配送が早くて助かります。これからもこちらで購入させて頂きます。
952	5	今回で５回目購入しています。他のマスクが使えないほど虜です。発送も早くて大満足です。
953	5	発送も早く、商品にもとても満足しています。
954	5	ずっとこのマスクを使っています。なにも問題ありません。
955	5	こちらでずっと購入しています。大きさも丁度良く、肌荒れしにくいのて家族で使用しています。安くなった時に沢山購入させてもらっています。
956	4	他の普通サイズより大きめなのかな？プリーツを少し開くと顔がほぼ見えないぐらいでした。耳ヒモは柔らかくて全く痛く無かったです。肌弱の息子らも顔に当たるところも肌に優しいと言っていました。
957	5	迅速な対応でとても助かりました。ありがとうございました。
958	5	お気に入りのマスクでリピしてます。安く買えるので助かります
959	5	いつも注文させてもらっています！発送も早く、大満足です。
960	4	耳が痛くならないマスクを探しては試しています。このマスクは長時間使っても大丈夫。辛くならないのが良いです。
961	4	以前薬局で購入した際、フィット感がよかったので購入しました。変わらぬフィット感で満足しています。
962	5	耳の紐も痛くならず、着け心地は問題なかったです。また無くなり次第、購入したいです。
963	5	注文してからすぐに届きマスクもお安くまとめ買い出来ました^_^
964	5	到着後早速使いました。長時間付けていても蒸れにくく、耳も痛くなりませんでした。まだしばらくマスク生活も続きそうなので重宝します。
965	5	リピーターです。いつも安心して購入しています。文句なしの商品です。
966	5	一日中つけていても耳が痛くならないゴムで重宝しています。毎日数枚ずつ使うのでまとめ買いできるのも嬉しいです。
967	5	この商品を最初に購入してから 何度か購入してます。 耳も痛くならないし 使いやすいです。実家の家族にも購入して使ってます。おすすめ！
968	4	初めて購入しました。発送も早く箱の潰れ等もなく良かったです。
969	4	注文して、すぐに届きました。柔らかいので、耳も痛くならないです。ただ、使っているうちに、少し毛羽立つことがあったのが気になったので、星−1です。
970	5	ガッツリリピーターです。家族みんなで使ってます(^^)コスパも良くつけ心地も良いです！
971	5	発送早くてマスク良かったです。また購入したい
972	4	長時間つけても、耳が痛くないです。毎回リピートです。
973	5	リピーターです。コスパもよく、とても使いやすいです。家族で使ってます！
974	5	耳がいたくならないし、コスパがとてもよいので助かります。
975	4	コスパ最高！ちゃんとしたマスクで、耳が痛くならず、この価格。リピート確実です。
976	4	普通によい品です。発送されてくる状態も悪くありません。満足です。
977	5	いつも、利用させていただいてます。すぐとどくし安いし満足です。
978	5	リピ買いです。配送も早く品物よいです。おすすめです。
979	5	使い心地が良く、耳も痛くならないのでこちらのマスクばかり使っています。何度もリピートしています。
980	5	注文してからすぐに届きました。たくさん入っているし、助かります。マスクも問題なしです。
981	5	薬局で買うより安いのでとても助かります。また購入する予定です。
982	4	付け心地もよく。耳も痛くなりません。また購入します！
983	5	安くて、すぐ届くのでありがたいです。リピしてます。
984	4	フィット感や作りもしっかりしていて、価格も満足しているので、毎回リピートしています。
985	4	とても良いです値段がお安いのでどうかなぁと思いましたが日常使いには問題なしです
986	5	もう何回もリピートしてます。これからも買います。
987	4	耳が痛くならず、お値段もリーズナブルで満足してます。
988	5	迅速な対応にとても感謝しております。また、初めての立体オメガプリーツのマスクは、苦しくなく、でも密着していて、とてもいいマスクです｡
989	5	出荷が遅れるのをすぐに連絡いただき、またいつ頃になるかをきちんと連絡もらえたので対応も素晴らしいと思いました！
990	5	最高。痛くないし臭くないしもうこれに長いことお世話になっています。
991	5	人混みがある時以外にはマスクをアゴの所にずらしています。他の商品はヒモが耳に食い込んで痛くなるのですが、こちらのマスクはヒモが太くフワッとしてるので長時間していても痛くなりません。
992	5	ゴムが平らなので耳が痛くなりません。届くのに少し時間がかかりますが、コスパが良くいい商品だと思います。
993	5	リピートさせて頂いています。とても快適です。
994	5	初めて購入しましたが、口元はゆったりしているし耳も痛くならないので、とっても良かったです。リピ決定です。欲しいカラーが完売なので、再販してほしいです。
995	5	安く購入出来てとてもお得だと思います。密着せずに息がしやすいです。まだ長時間使用していないので耳が痛くならないかは分からないですが、汚れも目立たないブラックはお気に入りです。
996	5	今回で3度目のリピート購入になります。1日付けていても毛羽立ちが少なく、耳ゴムも柔らかいので痛くなりにくいです。また購入したいと思います。
997	5	リピです。色々試してこちらの商品に戻ってきました。厚さ、ゴムの長さが丁度いい。コスパもいい。
998	5	いつもは大人用を注文していましたが、今回は子供の為に注文。やはり良いお品です。ありがとうございました。
999	4	いつもこちらのマスクを購入してます。前々回よりもマスクの紐が細くなってしまった為、星4つ
1000	4	彼が仕事場で使うために代わりに購入しました。職場なのでホワイトにしましたが、サイズ感使用感共に満足そうです！彼は顔が大きめなので大体のふつうサイズは小さくて使いにくいのですが、ここのふつうサイズは少し大きめなのか使いやすいそうです。女性の方なら小さめサイズでもいいのかもしれません。
1001	5	マスク息がしやすいしたくさん入ってて使いやすい。2回購入しました。家族みんな気に入っています。
1002	5	いつも、お世話になってます。安く購入出来てありがたいです。
1003	5	使い心地はいいです。またリピしようと思います。
1004	5	2度目の購入です。このクオリティ２００枚でこの価格は良いと思います。またリピすると思います。
1005	4	つけごごちも割と良く、耳も痛くなりません。顎の下にちょっと隙間ができますが、顔の形によるのかもしれません。概ねいい商品だと思うので何度もリピしています。
1006	5	リピート購入です。真ん中でプリーツが別れていて息苦しさがなく、 ゴムも柔らかく満足しています。
1007	5	お気に入りのマスクで、ようやくブラックを購入することが出来ました
1008	5	この価格帯でのマスクでは一番自分にフィットして快適なマスクです。発送も迅速でした。無くなったらまた注文したいです。
1009	5	大変良いお品です。家族みんなで使っています！
1010	5	もう何回も買っています。耳も痛くならないし、使い勝手最高！ず&#12316;&#12316;と使い続けます。
1011	5	サイズがちょうど良くて気に入っています！お値段も安いのでリピしてます^_^
1012	5	こちらのマスクを使ってから、他のマスクが使え無くなりました。耳も痛くならず快適です。また、リピートしたいと思います。
1013	4	初めてふつうサイズの白を購入。マスクの大きさは、ほぼ問題ありませんが顔が大きい分、ちょっとだけ小さいかな。ひとつ、マスクの紐が絡んで少し取り出しづらかったです。
1014	5	何度もリピートしてます。オメガプリーツタイプが好きで価格もお手頃、品質も発送も問題なしのこちらを愛用してます。今回も購入して正解でした。
1015	5	ゴムが太く耳が痛くならないので、毎回リピートしています。家族全員で使用するのでコスパも良く助かっています。
1016	5	安くて枚数も多く品質もよいので、いつもこちらで購入させていただいてます！注文から家に届くまでが迅速で助かってます！
1017	5	めちゃくちゃ愛用しています。長時間でも耳が痛くならないので最高です!またリピします。
1018	5	安いし使いやすいマスクです。買って良かったです。
1019	4	外出時は直ぐに使用するので、個包装では無いタイプで重宝しています。コスパ良いので、リピートしたいと思います。
1020	5	定期的に購入しています！使い勝手もよく、耳も痛くならないです！
1021	4	リピしてますコスパがいいのでこまめに変えられてとても助かってます。
1022	4	生地の厚さ質感、フィット感の良さから毎度リピートしております。
1023	4	まだまだマスクが必要な生活なうえ、家族全員が使うものなので、品質も良く、価格もよく、良い買い物になりました。
1024	4	リピ買いです。耳が痛くなりにくく使い易いです。
1025	4	ゴムが太くて耳が痛くないのと値段がお手頃で不良品に当たった事も無いので気にいって何回もリピートさせてもらってます。
1026	5	注文してからすぐに発送されて届きました、マスクも薄い緑で期待通りで大満足てす。
1027	5	医療従事者です。肌触りも良く、耳も痛くなりにくく、二重マスクにしても息が楽で 毎日使用してます。 またリピートさせて頂きますね。
1028	5	今まで使ったマスクの中で1番自分の顔にはフィットしていました。快適です。
1029	5	耳が痛くならない良いマスクです。プリーツのつき方も良いので、しっかりマスクできます。
1030	5	リピーターです。私の顔にあってるみたいでつけやすいです。なくなったら、またたのみます。
1031	5	リピート4回目です。値段、つけ心地、耐性全てよしです。またリピします。
1032	5	ワイヤー、不織布部分ともにしっかりした作りで長時間着けてもへたりません。以前別のところで購入した大容量マスクは長時間つけていると不織布の毛羽立ちが肌に触れて不快でしたが、こちらはそれが無くとても良かったです。
1033	5	ひもが柔らかくて、優しい感じでとても使いやすいです。
1034	5	3回目のリピートです。耳も痛くならないし息苦しくならないので使い心地はいいです。
1035	5	予約商品だったので購入から到着まで時間はかかりましたが、迅速丁寧に発送いただきました。使用感も問題なかったです。また利用させていただきます。
1036	5	本当に耳が痛くならない。過去のマスクは安くても耳が痛くなった。
1037	5	我が家のマスクは1年以上こちらのマスクを使用させていただいてます。ゴムが食い込まないので、とても使い易いです。
1038	4	もう何度目かの購入です。耳ゴムが太めで痛くならなくていいです。色んなタイプとのマクスが出ていますが、不織布のシンプルな形がやっぱりいいように思います。
1039	5	家族で愛用してます。耳が痛くならないのがいいです。
1040	5	耳も痛くならず、リピート中のマスクです！
1041	4	平ゴムでつけ心地も良かったです梱包もきれいで満足しています！
1042	4	リピです再入荷がなかなか無かったのでマイナス１だけどまた購入出来てよかったです
1043	5	とても満足しています。買って良かったです。
1044	5	リピート購入です、ここ2年このマスクを家族で使用しています。耳も痛くならないので、重宝してます。
1045	4	主人用に買いました。肌触りが良く耳が痛くないとの事です。発送予定日より早く到着したので、助かりました。
1046	5	期間限定価格、1889円２００枚ば安価だと思います。しかも、消費税と送料込みなので一枚当たり9円位になります。とても助かります。
1047	5	大容量で安くて助かりました。また利用したいと思います
1048	5	コスパはグッとだと思います。毎日使っても耳が痛くならないのでよいです。
1049	4	おすすめされて購入を決めました耳が痛くないし呼吸がしやすいみたいでおすすめされました
1050	5	安くて、付け心地も良い。ネイビーを買い、色も気に入ってます。また無くなったらリピートします。
1051	5	いつも購入しています。耳が痛くならないと主人が気に入っています。次もまた購入します。
1052	4	いつも使っています^_^これで2回目の購入です！長持ちします、息もしやすくていいですね！
1053	5	3回目のリピート購入です。長時間使用していても耳が痛くなく、愛用しています。
1054	4	リピートでの購入です。紐も太く、1日かけていても痛くなりません。
1055	5	アイスブルーを購入。男女問わず使える爽やかな色だと思います。変なニオイもしないし、サイズも大き過ぎず丁度良かったです。自分はマスクの内側に、畳んだキッチンペーパーを挟むんですがアイスブルーだと透けてしまうので、次はフェザーマリンを購入しようかと。
1056	5	特別いいところはわかりませんが、何度もこちらを購入しているのでこちらを購入しました。安ければ安いほど助かります。爽快適という品物、いろいろと題名と金額を変えて掲載されているけど、全部同じじゃないですか？
1057	5	とても使いやすいです。なくなったら、リピートしたいと思います。
1058	5	もうずーっと、このマスクです。時々、浮気しますが、もとに戻ってしまいます。
1059	5	リピ買いです。他の物も試したりしますが、こちらが一番家族に好評です。そろそろまた頼まなくちゃ。
1060	5	ゴムが平たいので耳が痛くならなくてとても良かったです。
1061	4	アイスブルーはホワイトに近い、ほんのり水色で清潔感のあるきれいな色でした。
1062	4	耳に当たる部分が柔らかいので長時間つけていても楽です。
1063	5	白のマスクはよく使うのでまとめ買いができて良かったです。また利用します
1064	5	3回目のリピートです！耳も痛くならなくて、生地もムズムズしないのでとても使いやすいです！また次回も頼んでしまうと思います♪
1065	5	いろいろ試しましたが私も子供達もこちらのマスクがお気に入りです。またリピさせていだきます！！
1066	5	たくさん入ってこの価格はコスパが良く満足してます。リピートで買っています。これからも使っていきたいと思います。
1067	5	特別に優れているからというよりも、付けていて何も問題となるところがなく、安心して使用できること、値段が手頃であることから何度もリピートしています。
1068	5	耳が痛くならず、配送も早くよかったです。普通サイズは女性には大きかったので、次は小さめを買おうと思います。
1069	4	このマスク使いやすいです。耳も痛くならないし、値段も手頃です。これからも、日常用に使用したいと思います。
1070	4	たくさん入っているものを買えてよかったです。
1071	5	爽快的と書いてある通りです！安くて届くのが早いのでいつも助かっています！リピ４回目です
1072	5	お手頃な値段で着け心地も良いです。2箱ほど使いましたが、不良品(紐がすぐ切れたり、長さが違ったり…など)もありませんでした。毎日使うものなので個包装でないのも使いやすいです。
1073	5	いつもお世話になっております価格、品質ともに間違いない製品です
1074	5	こちらのマスクは一日中付けていても耳が痛くならなくてとても使いやすいです。色の種類もあるので次はどの色にしようかなぁと思っています。配送も早くてありがたいです。
1075	5	毎回購入させてもらってます。息もしやすく耳も痛くなりにくいので毎回リピしてます。この枚数にして値段も安くお買い得です。またお世話になります
1076	5	しっかりとした作りでこのお値段はありがたいです。何度も購入しています。
1077	5	家族みんな、このマスクがお気に入りです。色々買ってみましたが、これがいいと言うのでリピしました。
1078	5	大きめのマスクなのでいつもこちらで注文させていただいています。
1079	5	オメガプリーツマスクが、とてもお値打ちに購入できるので、リピートしています。耳も痛くならないし、とても快適なマスクだと思います。カラーも豊富になって、驚きましたが、在庫がなかったので、次はぜひ購入したいです。
1080	4	コスパと品質のバランスがちょうどよい感じです。
1081	5	いつもコレ買います。付け心地、お値段、お気に入りです。
1082	5	確かに 耳痛くないですし、プリーツ部分で 息苦しさもなく、とても使い良いです。このマスクを次回からもリピートしたいと思います。
1083	4	迅速な対応で安く購入できお得な買物ができました。
1084	5	使いやすい商品をお値打ちにありがとうございました！
1085	4	全然耳が痛くならないし、とっても軽く快適です！
1086	5	量がたくさんあったため、マスク生活にはとても助かりました。
1087	5	初めての購入です。すぐ届きました。つけ心地も良く満足しています。またリピしようと思います。
1088	5	いつもまとめ買いリピート利用しています。
1089	5	非常に着けやすく、名前の通り爽快的です。
1090	5	何度か購入してますが、長時間つけていても耳が痛くならず、楽です。
1091	5	本当に耳が痛くなりません。びっくりです。
1092	5	軽く薄くて、耳も痛くならないので使いやすいです。お手頃価格でしたので、購入させていただきました。
1093	4	2回目です安く買えてよかったですとくに不満はありません
1094	5	問題なく商品が届きました。ありがとうございました。
1095	4	長時間つけても耳が痛くならないので、家族も気に入りリピート買いです。
1096	5	購入者も多くコメントもとても良かったので購入してみました。コメント通り、主人の顔にフィットし付け心地もいい感じのようです。また購入したい商品です。
1097	5	これこら寒くなり、ますます様々な感染症が流行り出す時期に、このお値段でマスクが買えて一安心です！
1098	5	リピート購入です。不良品もなく、わりとしっかりしているので気に入っています。女性には少し大きいかなとも思いますが、家族みんなで使うためこのサイズにしています。
1099	4	何度目かの注文になります。長時間使っても耳が痛くならないので助かります。
1100	4	守られてる感があるしなによりいっぱい入ってる。
1101	4	注文から到着が早かったです。前回までと梱包方法が変わったのでしょうか？今回は箱がひしゃげていました。中身は無事だったので問題はありませんでした。
1102	5	リピートです。使い心地も良く、しっかりしています。
1103	5	とても満足です。またお世話になります(^_^)/
1104	4	リピート購入です。お手頃価格で満足です。
1105	5	安価で使い心地もよく、とてもお得でした。
1106	5	前回購入し、耳が痛くならず良かったのでリピートしました。発送も早く、梱包も問題なかったです。
1107	5	コロナが流行りマスクがなかなか買えなくてやっと買えるようになり色々買った中でこのマスクが1番つけ心地がとてもよく紙くさい匂いもありませんでした。ちょっときつく感じる人もいると思いますがそのくらいの方がウイルスが入ってこないと思う気がします。
1108	5	使い慣れたマスクなのでリピートで購入しました。こじんの感想になりますが、相変わらず、使いやすく感じます。
1109	5	無くなったのでリピしました。違うメーカーの普通サイズは、小さいみたいで、こちらの商品はぴったりでちょうど良いみたいです
1110	5	もう何回もリピしてます。ゴムが切れる事もなく、全部しっかりしています。
1111	5	耳が痛くならないし、いつも使わせて頂いてます。このご時世なので安くてすぐに届き助かりました。
1112	5	他のマスクだと耳が痛くなるけど、このマスクは絶対に耳が痛くならない！！購入2回目です。気に入っています。
1113	4	注文をしてあまり待たずに届いたのでとても助かりました!一番無難な白の不織布マスクなので職場や学校で利用させてもらってます
1114	5	2回目の購入です。顔は小さい方なのですが、普通サイズで目の下から顎まですっぽりカバーしてくれるのが好きです。お陰様で今のところコロナには感染していません。もう少し、マスク生活が続きそうなのでこのコスパは満足です。
1115	4	少し箱が潰れていましたが発発送も早くて助かりました。また購入の際は宜しくお願い致します。
1116	5	コロナになってからずっとこちらを購入してます。
1117	5	何度もリピートしています大満足の商品です
1118	5	マスクの厚みや柔らかさが私にはちょうど良かったです。
1119	5	毎回リピしてます。娘がお気に入りで、ゴムがちょうどいいそうです
1120	5	消耗品なので、安価で購入できて助かりました。
1121	5	何度目か分からないですが、毎回、子供用に購入しております。いつもありがとうございます。
1122	5	何度もリピートしています。旦那は普通サイズ、私は小さめサイズを使用しています。耳も痛くないし、リーズナブルでオススメです。
1123	5	手頃な値段で購入出来ました。他のマスクとも遜色無く使えます。
1124	5	いつも購入しています。特に問題なく使え、価格も手ごろなため重宝しています。
1125	5	いつも使ってます。なかなか良いです。しっかりしている。
1126	5	いつも迅速な対応で助かっております(^-^)
1127	5	耳が痛くならないので、リピ買いして家族で愛用しています。
1128	5	2度購入しました！毛羽立ちや耳の痛さも無く、厚みもちょうど良かったので嬉しいです。お値段的にもお安くてとても助かります。また購入させていただきます！
1129	5	家族全員好きな色を買って使用してます。なかなか全色揃わないので、そこだけは残念です。
1130	5	薄すぎず、厚すぎず、ちょうどよいマスクで、また購入したいと思いました。
1131	5	耳が痛くなりません！また購入したいです。
1132	4	迅速な対応でしたありがとうございました。
1133	5	リピ買いです。毎日使うので、耳が痛くならないタイプで助かっています。
1134	5	２回目のリピです！安いし到着が早いです！
1135	4	はじめての購入でしたが、お安く購入できるので注文してみました。耳も痛くなく快適に使用できました。またリピートしたいと思います。
1136	5	白がいいという変なこだわりがある旦那に。また使ってないみたいですけど。
1137	5	2回目の購入です。たくさん枚数もあり、耳も痛くないのでリピートしました。他のメーカーの物は、マスクをつける時にゴムが取れることがありましたがこちらの商品については 私はありませんでした。
1138	4	毎日使う物なので、安く購入できてよかったです。
1139	4	かなりお得で、しっかりしてるんで今回も購入しました。梱包もしっかりとしてよかったです。
1140	4	何度もリピートしています。ペコペコしないし生地もやわらかくて良いです。
1141	5	以前離れて暮らしている娘に送り、良かったと言っていたので、我が家用に購入しました。今のところ不良品もなく、特に気になることもなく使用しています。少なくなったらまた注文したいと思います。
1142	5	非常に快適に使えて満足しています。また買いたいと思います。
1143	5	まだまだマスク生活が続く現在。このマスクがとても良いです。オメガプリーツの形状が好きなのでリピートしました。本当は違う色が欲しかったのですが売り切れで残念です。
1144	5	この量で、この価格は助かる！！2回目利用です。到着まで時間がかかるから、早めに注文した方がいいです！
1145	5	前回購入し耳が痛くなりにくかったので、2回目の購入です。良い品だと思います
1146	5	何度もリピートしてます大きくてしっかりしてて安心感あります
1147	4	中高生が毎日一枚ずつ使うので購入。iceblueは淡い水色でした。安いし中高生も普通に使ってくれているので満足です。
1148	5	すでに5回目くらいのリピートです。耳のゴムがやわらかいし一日中つけていてもトラブルはありません。
1149	5	つけ心地もよく、耳も痛くなりません。追加購入決定。
1150	4	安価な数社のマスクを使い比べましたが、こちらの商品に落ち着きリピートしました。
1151	5	家族で使っています。耳も痛くなく使い心地がいいのでリピしています。
1152	5	リピートしました。着けやすくて肌触りも良いです。
1153	5	普段外出時に利用しています。着用し易くて大変便利です。
1154	5	家族全員いつも利用しています。別のマスクでは落ち着かないです。
1155	4	サイズも大きくとても使いやすいマスクです。これからもリピ買いしたいと思います(^o^)
1156	5	前回注文してとても良かったので2回目です他のマスクは安くても匂いが気になったり耳ひもが痛かったりとイマイチだったのですが、この商品は値段も安く無臭で着け心地もとても良いので満足です
1157	5	とてもお安いのに、使いやすく耳も痛くなりません。また次回も購入したいと思います。
1158	5	２回目の購入です。今までなんしゅるいものマスクを購入しましたが一番耳が痛くならなかったです。また無くなったらリピします！
1159	5	旦那用のマスクにリピートです。顔が大きい旦那にも丁度良く耳も痛くならない様です。まだまだ必要ですので、お安く助かります。
1160	5	本当に耳が痛くならないので必ずこの商品を買っています。
1161	5	安定のリピです。毎日、助かけていただいています！
1162	5	お安く購入できるのでリピしています！主人用にいつも購入していますがマスク自体も特に問題なく使えているようです。
1163	4	安くてお買い得でした。待たずにすぐに届いて早かった。
1164	5	家族の定番として使っています。他の品は小さめで顔に合わなかったですがこちらは気に入っているとのことです。消費量が多いので、お得に買えてありがたいです。
1165	4	注文してから発送までスムーズでした。マスクも耳が痛くならず，いい感じです。
1166	5	耳が痛くない！ 息苦しくもない！何回目のリピか分からないくらい購入してます。値段も安くてすごくありがたいです！でも値段関係なく、この満足度は他にないです！
1167	5	もう何回目か分からないくらいお世話になってます。安いし、4箱セットで買う手間がなくなるし、紐も頑丈で耳も痛くならないので最高です。
1168	5	3回目のリピートニナリマス。こちらの製品に慣れてしまってからは他では買ってません。
1169	4	以前他のネットで購入したマスクは素材もペラペラで紐が切れてしまった事がありますが、こちらはしっかりとして安心して使えます。
1170	5	サイズも大きめで良いです。紐も以前より平たく耳が痛くなりにくいと思います。色も選べて良かったです。
1171	5	家族で愛用しています。使いやすいのでまたリピートすると思います。品切れが多いのが残念です。
1172	4	いろいろなマスクが売られている中でこうして出会いがあって購入できてよかったです。カラーも試してみたかったのですが在庫がなくて残念でした。次回はカラーを試してみたいです。
1173	4	単価以上に優秀なマスクです。大変満足しています。
1174	5	使い安く、助かってます。リピーターです。
1175	4	サイズは大きめでした。耳の部分が痛くならなそうな感じで良かったです。
1176	5	何度もリピートしています。ケバ立たず、耳も痛くならないのでとても使いやすいです。今後も購入していきたいと思います。
1177	5	2回目の購入です。主人が使うのにちょうど良い大きさで、耳が痛くならず快適だと言ってました。安いマスクだと薄いことも多いのですが、適度に厚みもあります。またリピします。
1178	5	ストックが無くなりそうなので補充する為に購入しました。いつもの品質であればコストとのバランスが良い品物だと思います。
1179	5	すぐ届きました！まとめ買いにちょうどいいです。
1180	5	主人用に購入しました。つけ心地も良いようです。
1181	5	もう何回目かもわからない位リピートしています。ゴムのやわらかさやおおきさなど、満足しています。
1182	5	すぐに発送していただき、マスクの質も良く気に入りました。
1183	5	耳は痛くないし、付け心地も悪くないです。なくなったら、リピートします。
1184	5	1日2枚くらい使うので安いものが良いです。これは不良品も少ないのでリピートしています。
1185	5	早急な対応ありがとうございました。仕事上多い日は1日3枚から4枚位必要な為助かります。まして耳も痛くなく良かったです。
1186	5	金額、品質に関して満足する商品だと思います。
1187	5	コスパ高い&#8252;&#65038;必ずまた買います！
1188	5	リピート購入率NO.1で、しっかり加工されたマスクで、その割にはリーズナブルな価格で大変助かっています。またお世話になります。
1189	5	安いですし、耳が痛くならないのでリピートしてます！
1190	4	使いやすいし、沢山届くので助かります。なくなりましたら、また購入する予定です。
1191	5	使用感が良く、家族４人共気に行っています。一日中使っていても、ケバケバも出ず満足してああます。1年半前から愛用中&#128077;
1192	5	お求めやすい価格だけではなく、使い勝手も良いので、重宝してます。お買い物マラソン時に購入するとさらに割安になるのでらとても助かります。
1193	4	注文から迅速に発送していただき、ありがとうございます。在庫が少なかったので、助かりました。
1194	5	箱が潰れている物もありましたが、家庭用に購入したので問題ありませんでした。毎日家族が使うので、大容量で助かります。
1195	5	家族皆んなで使ってます。とても肌触りもよく耳も痛くならずお値段もお手頃でリピートしてます。
1196	5	3回目リピ買いです。定期購入があっまらいいなと思ってます。
1197	4	息子が気に入っているのでリピしました。息がしやすくてサイズもいいそうです。
1198	5	人気No.１ということで購入させてもらいました。まだ1つしか使っていませんが耳が痛くなくつけ心地がよかったです。
1199	5	耳のゴムが柔らかいので長時間でも痛くならない点が気に入ってます。
1200	5	何度もリピしてます！毎日使うので値段もつけ心地も満足してます。
1201	4	何度か利用させてもらっています。今回だけ到着までに日数がかかったので、次回から前もって注文させていただきます！
1202	5	安く買えて大変よかった(`・ω・)ｂｸﾞｯ!
1203	5	いつも買ってたマスクが売り切れてたので今回初めて購入しました。サイズといいオメガプリーツといいとても気に入りました。
1204	4	何度もリピしてます。耳が痛くならずに良いです！
1205	5	耳が痛くならないので、快適に使えています。何度もリピートしています。
1206	4	リピートです。今回も迅速に発送いただき、ありがとうございます。
1207	4	人気で届くのが少し遅かったですがお得なので助かります。
1208	5	息子や家族が使うために購入しました。使いやすそうです
1209	5	在庫がなく中々購入出来なかったですが無事購入出来たので良かったです、ありがとうございました。
1210	5	このマスクはつけ心地もよく子供気にいっているので何回も購入させて頂いています。
1211	4	注文から配達まで時間がかかりますが、マスクは良かったです。
1212	5	これじゃないと！というぐらい大好きです。息苦さもなく、喋るときに、マスクに口元が擦れません。お気に入りですので、次もこれです。
1213	5	もう3度目の購入です！安くて耳も痛くならなく、安心して使えます！
1214	5	リピーターです。早い、安い、品質良いです。
1215	5	リピーターです。値段も安くて品質も良いです。耳も痛くならないです。
1216	5	注文から発送までずいぶん待ちましたが急ぎではなかったので待てました。早く欲しい人には向いてません。
1217	5	もう何回もこちらのこのマスクを使用しています。とってもいいです。耳が痛くならないマスクを探していて、友達からこちらのマスクいいよ！と聞いて注文してみたところ、長時間つけていても耳も痛くないし、程よい厚みで薄くないので安心して使っています。また注文しようと思います。
1218	5	高校生の息子が毎日使っています。消耗品ですので届けていただけて便利です。
1219	4	ゴムひもが柔らかくて使いやすいです。変な臭いとかもないし、日々使うにはちょうどいいです。
1220	5	いつもここのマスクを購入しています。長時間つけていても、耳が痛くならず家族で愛用しています。
1221	4	何度もリピしています。大きさもちょうど良く、息苦しさもありません。
1222	5	この金額で200枚も入っていて満足です！
1223	5	リピート購入です。マスクは毎日、替えたいのでお値打ちに購入出来て、とても助かってます。
1224	5	まとめ買いができる、お安いマスクを色々試しましたが、こちらの商品が気に入ってリピートしています。紐が太く、耳が痛くならない、適度な厚みがあって安心感があります。発送も早くて助かります。また利用します。
1225	4	着け心地がよく、リピート購入しています。
1226	4	コスパも良く使い心地も良いマスクです。次回も購入予定です。
1227	4	リピート購入です。使い勝手もよく価格面でも満足していたので再購入をしました。
1228	4	リピートです。夫婦で仕事と日常使いに使ってます。耳が痛くならず息苦しくもならないので使いやすいです。
1229	5	安いし耳が痛くならないのでリピートしています
1230	5	安いし耳が痛くならないのでリピートしています。
1231	4	長男が仕事で使うのに購入しました。平ゴムで耳が痛くならず気に入っています。注文してすぐに、対応して頂きありがとうございます。
1232	5	程よくよかったです。耳も痛くなりません。また購入すると思います。
1233	5	リピーターです。仕事の時に使用する為購入しました。仕事中は多少会話をするのでまだまだマスクは必須です。長時間使用しても耳が痛くならないので次回もこちらのマスクをって考えております。
1234	5	お店で買うよりも、お 安い値段で購入できて満足です。
1235	5	耳が痛くならずに使えました！この値段でこのクオリティーに満足です。
1236	4	9才と6才の子どもたちが気に入って購入しています。紐が切れず使いやすいようです。
1237	5	使用感がいいので、これからも購入していきたいと思っています。
1238	5	いつもありがとうございます。お世話なっています。
1239	5	眼鏡をしていると耳が痛くなるマスクも多いですが、こちらの商品は耳も痛くならないので、気に入っています。残り１箱になると注文をするようにしています。
1240	5	つけ心地も良い、良い商品です。また購入します。
1241	5	2回目の購入です。耳が痛くならず、紐も切れることがないのでリピートしました。また無くなれば購入します。
1242	5	リピート購入です。非常に使いやすく、丈夫です。悪かったらリピートしません。
1243	5	値段良し、品質良し、毎回リピします&#10071;&#65039;家族だけではなく、親戚、隣近所にも紹介してます。
1244	5	二回の購入です。耳が痛く無く、マスクの両脇が密着する所が安心出来、購入しました。
1245	5	リピーターです。コスパ最高で家族みんなで使用させてもらってます。肌荒れもなく、大きさもちょうどよい。今後も使用させてもらいます！
1246	4	リピーターです。耳が痛くならないのが一番です。薄すぎずに、丁度程よい感覚です。
1247	5	いつもこちらを購入させてもらってます。耳も痛くならないし、柔らかいので子供も私も1番気に入ってます。
1248	5	マスク生活が続く日々ですが、耳が痛くならないし、付け心地が苦しくならないので、リピートしてます。お安く購入出来るのも助かります。
1249	5	耳が痛くならないので重宝してますが、紐が切れやすいと思います
1250	4	コスパもよく、耳に優しく使い心地も良かったです。
1251	5	コスパいいよ最高！お使い物にも喜ばれます。
1252	4	平ゴムで耳が痛くならないのでつけ心地いいです。値段も安いのでいいですね。
1253	5	今回で6回目の購入です。いつも気にいって使用しています。また無くなり次第注文します。
1254	5	もう何回も購入しています。いつもありがとうございます！
1255	5	耳が痛くなりづらくとても良く大変満足しています
1256	5	ゴムも太めで柔らかく伸びがいいので、一日中していても痛くなりません。大きいし、オメガプリーツなので唇にも触れず喋りやすい。コスパもいいのでまたなくなったらリピートしたいと思う商品でした。
1257	5	平ゴムで耳が痛くならないのがとてもいいです。もちろん切れたりもしませんし、今のところ不良品は1枚もないです。値段も安いので、何回かリピートしてます。
1258	4	2回目の購入ですが、相変わらず値段と品質のバランスが良いですね。
1259	5	もう何回もリピートしてます マスクはここでしか買ってません 家族全員お気に入りです
1260	4	届くまで時間はかかりましたが、前回購入して良かったのでリピート購入2回目です。マスクはキレイな状態で入っており、耳も痛くなりません。会話してもマスクがくっついたりせず、快適です。なくなり次第、また購入します。
1261	5	試しにつけてみたところ、締め付けも適度で耳が痛くならなさそうで満足です
1262	4	リピートです。耳が痛くならず使いやすいです。
1263	5	コスパがとても良い。また購入させて頂きます。
1264	5	気に入ってます。耳が痛くならないです！また、リピします。
1265	5	耳が痛くならず、使い勝手がいいです。リピートしてます。
1266	5	遅くなりましたすいません。。生地も厚みがあって口元も余裕がありますね。安心感があります。
1267	4	耳が痛くならず、とても快適です。これで3回目のリピーターです。
1268	5	何度も購入しています。耳の部分は太めで痛くなりません。しっかりとしていて厚みもあります。とても気に入っています
1269	5	3回目の購入です。値段も手頃で使いやすいです。
1270	4	何度かリピしています。接客業の為、話していても話しやすく、オメガプリーツがとても良いです。ゴムの部分も幅広のゴムでとても柔らかく痛くなりません。ただ、今回は箱が潰れてしまっていて残念でした。品質には問題ないないんですけどね。またリピしたいとおもいます。
1271	5	量も質もコスパも大満足です。次回も購入します。
1272	4	一日中つけていても耳は痛くなりませんでした！前に使っていたものより、大きさが少し大きめな気がします。つけてる分には気にならない程度ではありますが。
1273	4	注文から家に届くまでとても早くて助かりました。マスクは開封してすぐ着けた時は臭いが気になるかな？と思いましたが、臭いはすぐにおさまり、２枚目からは違和感がなくなりました。素材も柔らかめだし次もリピートしたいです
1274	4	お得に購入でき配送も早いので助かりました。ありがとうございました。
1275	5	2回目です。問題なく使えております。ありがとうございます。
1276	5	使いやすく、耳も痛くなりません。結局プリーツタイプが一番息苦しくないです。
1277	4	やっと届きました！まだまだマスク生活と思うのでお得に購入出来て助かります。
1278	5	リピートです。使いやすく、家族で使ってます！ありがとうございました！
1279	5	何度もリピートするくらい家族で大ファンです。フィット感としっかりした作りがとてもお気に入りです。ありがとうございました。
1280	5	とてもかわいいです。他の色も購入したいと思います。子供用もちょうどいい大きさで大満足です。
1281	4	お手頃なお値段で、ちゃんとした商品だと思います。
1282	5	やっぱりこのマスクがいいです。注文しようと思ったら在庫切れで&#128557;数日違うマスクをしてたけど…家族からもまだかまだかと…やっと届いて…家族みんな大喜びです。これからは早めに注文しないと！
1283	5	なくなると必ずリピしています。ゴム紐も痛くならないしフィット感も良いです。におい等も気になりません。
1284	5	リピーターですつけ心地、耳の紐も痛くならずこのマスクしか使えなくなりました
1285	5	リピです。耳も痛くならないし、肌触りも良いので気に入っています。
1286	5	特に不良な点もなく満足しております。また購入したいと思います。
1287	5	装着感が良いのでリピーターです。妻のためにピンク系を初めて頼んでみましたが、妻も気に入ってくれています。
1288	5	価格も良心的で品質も良く、大変満足です。
1289	5	何度もリピしています。お買い物マラソンでお得に購入できました！
1290	5	リピートです。家からつけていくマスクは個包装でなくても良く､使い勝手良いです。マスクもしっかりしており毎日使用しています。
1291	5	ほぼ職場でマスクをしていますのでこの価格での枚数には満足しています。
1292	5	耳が痛くならなくて使いやすいと思います。
1293	5	耳に優しいマスクでした。お買い得で良かったです。
1294	5	夫が使っていますが、男性でも苦しくなく良いみたいです！リピします。
1295	4	大きさや着け心地が良くて、もう何度も購入しています。ただ、発注後もう少し早く届ければ助かるんですが…。
1296	5	再入荷メールからの発送がとても早くて助かりました!!また購入したいです!!
1297	4	購入後3日で届きました(^^)ゴム紐も痛くなさそうで、呼吸しやすいプリーツにも期待しています！主人用に購入したので、主人が気に入ったらまた購入します★200枚1900円弱で購入できて良かったです(。-∀-)
1298	5	耳が痛くなりません！他のマスクに浮気しましたが、やっぱりこのマスクが1番でした。配達も早かったです。
1299	5	仕事に行くのに使ってます！箱で大容量なのでありがたいです！
1300	4	2回目の購入です。この値段でも、しっかりしたマスクです。初回は箱もきれいなままでしたが今回は3箱底が潰れてました。中身に支障はないですが、☆4つとさせていただきました。箱の潰れがなければ☆5つです。
1301	5	耳紐が太くて痛くならず、密着性も良く大変満足しております。
1302	5	サイズもちょうど良くリーズナブルで気に入ってます。
1303	4	大きさもしっかりとあり、耳もいたくありません。とても使い心地がよいです。お値段以上の商品だと思います。
1304	4	会社員の主人用に。やはり白が使い勝手が良いとのことで重宝しています。
1305	5	良かったと思います。フィットしますよ。
1306	5	もう何回目の注文・・・？か忘れましたが家族で使用しています。一時は頂き物の他マスクも使用しましたが、こちらの商品に戻ってきました。使用感、コスパとも最強かと思っています。
1307	4	普段使い用で購入しています。安さと使い心地からコスパ良いと感じます！次回もリピートします！
1308	4	２回目の購入です。薄すぎず、ゴムが少し短いのもありますが、問題ないです。
1309	5	数回リピートさせて頂きました。やっぱりこのマスクが安定して使い易いです
1310	5	注文してからとどくまで時間はかかりましたが、満足です。毎日使うものだから、ありがたいです
1311	4	また、購入したいと思います。次回もよろしくお願いします。
1312	4	予約商品なので来るまで時間がかかりましたが、耳が痛くならないのでなくなったらまた頼みます。
1313	5	家族で使うので3、4ヶ月の頻度で購入してます。ゴムの当たりが柔らかくて頬に跡が付きません。
1314	5	安くて使い捨てなので何度もリピートしています！
1315	5	耳が痛くならず快適でした。もう少し安くなることを願います。
1316	5	最近はこのマスクしか使っていません。耳が痛くならないのでとても使いやすいです。
1317	4	毎回4箱ごと購入しています。仕事用に使用していますが、付け心地も良く満足しています。
1318	4	シュガーピンクを購入しました。かわいい色で気に入ってます。少し薄手ですが、耳が痛くならないタイプなので使いやすいです。
1319	5	少し薄い気がしますが、使い捨てで安いのでリピートしてます！
1320	5	何度も購入。安心して使える商品。前に買った時よりも箱の中の商品が丁寧に詰められている。お値段的にも問題なし。
1321	4	レビューがとても良いので届くのを楽しみにしています。一日中つけているので心地よい物を探していました
1322	5	迅速な対応ありがとうございました。まだ使用してはいませんが、おそらく使い心地も良いだろうと期待しながら星５つで。
1323	4	何回か利用させていただいてます。口元のところが広くていいと思います。またなくなったら購入したいと思います。
1324	4	少し配送は待つものの、この価格でネット購入できるのはありがたいです！買い物の際に買うと嵩張りますし、大変助かります。
1325	5	コスパが良いのと、頭が大きく耳に負担がかかりがちな旦那でも、こちらの商品は負担が全くなく大満足みたいなのでとても助かってます。
1326	4	平ゴムで耳は痛くなりづらいです。梱包も丁寧でした。
1327	5	レビューが良かったので試しに購入してみましたが、実際に使用してみると、着け心地もよく、透け感も無くて良かったです！そしてお値段も安くて大満足です！
1328	5	毎日使うものなので、お安く変えて良かったです。
1329	5	いつもありがとうございます。安く購入でき、素材もしっかりしています。今後も購入します。
1330	5	いつもマスクは薬局でかっていたので、ネット購入が不安でしたがとてもいい買い物ができました又リピートします
1331	5	いろいろ試しましたが、結局これに戻りました。もう少し早く届くとありがたいですが、それは、注文する側が余裕をもって注文すればよいことなので…。また追加で注文すると思います。
1332	5	リピーターです。長時間つけても耳が痛くならなくて助かります。
1333	5	大容量で届くので、何回も買う手間が省けてたすかりました。また利用したいと思います。
1334	5	3度目の購入です。基本マスクは苦手なのでキツくなくフワッと煽ってくれる窮屈感ないマスクを探してました。これからもリピートすると思います
1335	5	リピート購入です。安価ですがとても付け心地がいいです。
1336	4	高評価のレビューが多かったので購入。実際に使用しましたが、可もなく不可もなくという感じでした。しかし、このお値段でこの使用感であれば十分満足できます。次回は同店の違うタイプのマスクも試してみたいです。
1337	4	届くのが少し遅かったですが、お安く買えたので良かったです！
1338	5	友人と２箱づつ分ける様に購入。３回目の購入なので耳が痛くない事を友人にも説明も出来て、使用感はゴワゴワしないし、その辺の薬局等で売ってあるより お値打ちと満足してもらい私も安心出来ました。 又、リピートさせて下さい。
1339	4	リピート購入です。耳が痛くならず、お手頃価格なので重宝しています。
1340	5	長時間使用しても耳が痛くならず普通に付け心地がイイです。お値段もお安いですし、もう5回目くらいのリピしてます。
1341	5	何度もこらのマスクを購入してますが不良品も無く安心して着用できます。ゴムも痛く無いので家族皆で使ってます。
1342	5	嫌な臭いもなくとても付けやすいです耳も痛くなりません
1343	4	何回もリピートしてます。品も良く、ゴムが柔らかく耳が痛くなりません。今回は品切れで発送までに時間がかかったのが残念でしたがまた注文したいと思います。
1344	4	発送まで時間がかかったけど商品はしっかりしててよかったです。
1345	5	もう何度目のリピートでしょうか。お値段と品質に満足しているので、コロナ禍が続く限りまた購入すると思います。
1346	5	3回目のリピです。十分使えて満足です。また利用したいです、
1347	5	使い心地がよく、耳が痛くならないのもいいです。まだまだ毎日使う物なので、コスパがいいのも魅力です。
1348	4	毎日使うマスクを安く買えました。安くてもちゃんとしたマスクなのでリピしたいと思います。
1349	5	耳が痛くない、隙間からのチリ誇りが、気にならない。
1350	4	３回目の購入です。普段使いには とてもいいです。
1351	4	予定通り届きました。予備のためまだ使用していないのですが問題はなさそうです。色も記載通りでした。
1352	5	リピート買いです。毎日使うのでたくさんあり助かります！使用していてなんの問題もありません！
1353	5	毎日使ってますが、マスクの紐がとれたものもなく、耳が痛くなることもなかったです！不織布も適度な厚さでとても重宝してます。
1354	5	付け心地の良いマスクでした。一日中つけても耳は痛くなりません。
1355	4	商品はとても良いです。届くのに時間がかかりました。
1356	4	思っていたよりも、明るいピンク色でした。耳は痛くなく、200枚あるので長く使えます次も買いたいです
1357	5	量も多く、使いやすいマスクでした。またなくなり次第リピートしたいです(  &#707; &#7509; &#706;  )
1358	4	耳が痛くなくて満足しています。他の色も注文しましたが到着が待ち遠しいです。
1359	5	仕事、買い物用に使用しています。厚みは普通でゴムもしっかりしています。私には普通タイプはゆとりがあるので息は苦しくないです。多分息漏れがしているのだと思います。感染が気になる時はピッタリしているのをはめています。
1360	5	安いのでこんなに満足できると思いませんでした耳が全く痛くないし 色もキレイだし毎日着けるものなのでお安いのはホントに有難いですこれはリピ確定商品です
1361	4	ホワイトを頼みました。予約待ちでしたが、ちゃんと届きました。良い物でした。
1362	5	価格、品質共に満足。普通に使いやすいマスクです。また購入させていただきます。
1363	5	マスクの名前の通り爽快適。息苦しさがなく、本当に快適。初めてつけたら、ヘビロテ確定しました。めちゃくちゃおすすめです。
1364	5	コロナ禍になって、このマスクを使っている。長時間着用しても耳が痛くならない。
1365	5	値段の割にしっかりした商品だと思います。まだマスク生活は続きそうなので、枚数多く届くのもありがたいです。
1366	5	毎日使うものなので安く購入できるものを探してましたが、しっかりした素材で安心して使えます。
1367	4	耳も痛くならず、呼吸もしやすく満足です！なくなったらリピートしたいです。
1368	5	仕事で必要なので購入しました&#8252;&#65038;安いから不良品も覚悟してましたが、今のところ大丈夫そうです&#8252;&#65038;
1369	4	仕事で使用しています。耳も痛くならないし、顔にフィットして楽です！
1370	4	お安いので惜しみなく使えます!ありがとうごいました。
1371	4	実際に使ってみて  アイスブルーを購入しましたが色合いが画像よりも薄めで私としてはGoodでした 大きめでこれからは朝晩寒い時の防寒にも&#8265;&#65039; 大方満足しています｡
1372	5	耳が痛くならないし、すっぽりと顔を覆えるので普通サイズで購入してます。小顔の人は少し大きいかも？ですが、運動するわけじゃなければ下がる事もないので良いと思います。
1373	5	安定の快適さ。時々、このマスクを切らせてしまい間に合わせでドラックストアで買うたびに残念な気持ちです。離れて住む家族にも頼まれて買い足す予定。
1374	5	すぐに届きました。ありがとうございました♪
1375	4	期間限定でのディスカウントは、魅力でした。また、リピートします。
1376	5	金額が安いので購入。安いが品質は問題なく、コストパフォーマンスに優れていると感じました。
1377	5	ちいさめを購入。大人の女性でもピッタリです。小さすぎず大きすぎず、付け心地もよく、息を吸ってもピタッと塞がれず鼻が楽です。また、変なホコリも無く痒くなったりモゾモゾする事もないです。
1378	5	とっても気に入りました。届くのも早かったです。
1379	4	長時間つけていても耳が痛くならないのでお気に入りです。
1380	4	買おうと思ったグレーが品切れだったのでライトパープルにしました。私の主観ですが、画像より少しだけ濃いめの色味でした。マスクの付け心地は問題なく、耳も痛くなりません。コスパはとても良いと思います。
1381	4	発送もとでも早く、商品の着け心地も良かったです。また購入させて頂きます。
1382	5	とても良い肌触りで心地良いマスクです。次回も購入しようと思ってます。
1383	5	全然問題なく使えるマスクです。コスパが良い方だと思います。
1384	5	普通の白を買いました。本当に耳が痛くならないし、安いです。
1385	5	不織布の素材がしっかりしていて安心です。
1386	5	受け取りました 耳は痛くないですが 爽快感はあまり感じないですね コスパ的には良い買い物だったかなぁと思います
1387	4	カラーもバリエーションがあり、着け心地も良かったです。
1388	4	ホワイトに比べて少しごわっとした感じもありますが、耳み痛くならず色も気に入ってます。
1389	5	この価格でこのしっかりしているマスクはあまりないと思います。カラーもたくさんあってこれからもリピするつもりです。
1390	4	ナチュラルな色味でマスクだけ浮いたりしないから選んで良かったです。
1391	5	4箱でこのお値段はお買い得です。平たいマスク紐も柔らかく耳に優しくつけれます。マスク自体も薄くなくとても付け心地が良い物だと思います。
1392	5	リピートです。安いし、耳も痛くならないので、ずっと使い続けると思います。
1393	4	2回目の購入になります。普通にいいです！
1394	4	価格、付けごごちとも満足してます。またリピします。
1395	5	マスクの物によっては接触面が痒くなったり、鼻がむず痒くなったりしますが、そういったトラブルもなく、また、耳も痛くならずとても使い心地が良くて大変気に入っています。家族みんなで使っています。またリピートしたいと思います。
1396	5	品質が以前より良くなってるきがする。丈夫で柔らかい。
1397	5	前回も購入し、使い心地もよく、値段も安いので、また購入しました。
1398	4	子供用購入しました。問題なく使えています。暑い日は張り付く感じもしましたが、普段は大丈夫と思います。
1399	5	ゴムがやわらかく、メガネをかけているので全然痛くなくていいです。材質も柔らかめで肌がこすれにくい。
1400	5	もう何回もリピートしてます。家族で使うので大容量で助かります。
1401	5	安いのに耳が痛くならないので重宝してます
1402	5	注文番号 351180-20220910-0364437972家族に頼まれて購入しました。お安く購入出来て良かったです。
1403	5	今回もリピートしました。付け心地が気に入っています。
1404	4	毎回このマスクを購入しています。フィット感が好きです。でもダンナは少し小さめに感じるそうです。
1405	5	発送も早く、使いやすいです。またなくなったら、お願いします。
1406	5	耳掛けのひもが幅広く柔らかいので毎日使っても耳が痛くなりません。プリーツも広げると内側の空間ができるタイプなので唇に触れることが少なく会話も楽です。リピします。
1407	4	平ゴムを使用しているので耳が痛くならないと家族にとても好評です。大変安価なのに使いやすいです
1408	5	大きめ希望で使用感もこだわりのある旦那が、このマスクは使っていて満足のようで、リピートしています。
1409	5	毎回在庫がなくなると購入してます。耳も痛くなくて使いやすいです。在庫なくなりそうになったらまた購入したいです
1410	5	安くて色も豊富なので、夫婦で色違いを買って使っています。リピートします。
1411	5	リピです！とにかく品質も良くてこのコスパの良さ！！値段も変わらずにいてほしいです！またなくなったら買わせていただきます！
1412	5	再リピートです。一日中使用しても耳が痛くなく快適です。だから今は毎日使用。無くなったら又リピートします。
1413	4	まだ未使用ですが、欲しい色味があったので備蓄用に購入。また使用した時にレビューし直すかもしれません。
1414	5	前回購入からのリピートです。耳ゴムの痛み、圧迫感もなくてとても使いやすい
1415	5	長時間着けていても耳が痛くならないので良かったです。なくなったらリピしたいです。
1416	5	リピートです。柔らかく、価格以上の品質でした。
1417	4	リピートさせてもらってます。以前より材質がかわった？少し硬くなった気がします。
1418	5	ゴムが柔らかく耳が痛くならなかったので、とても良かったです。
1419	5	色々試してきましたが1番フィット感がいいです。使いやすくリピ確定です。
1420	4	ごく稀に規格外があるが、子供達にとってはレア物発見のようで問題なさそうです！またリピしたいと思います。
1421	4	注文後すぐに到着して大変助かりました。今回2回目の購入でしたがまた色々とお願いしようと思います。商品もちゃんとしてて耳が痛くならないのが良いですね。今回もありがとうございました。
1422	5	使いやすくリピしてます。人気のため入荷待ちでの購入。お値段も安いと思う。
1423	4	一箱使い終えました。一箱中、一枚だけ、耳紐のマスクへの接合部が剥がれていたものがありましたが、商品の品質、価格には概ね満足しています。なくなったらまたリピートしたいです。
1424	5	普通に使用できています、安いしいっぱい買えてよかったです、
1425	5	リピートして家族で使ってます。ゴムがちょうど良く痛くならないです。
1426	5	大容量で使いやすいです。毎回こちらを頼んでいます。
1427	5	3回目の購入になります。ホワイト→アプリコット→ヘーゼルナッツ色付きは血色が良くなるので気に入ってます。耳が痛くならないのも◎品切れが多いので安定して買えると良いですね。
1428	5	基本このマスクをメインでずっとリピしてます。耳も痛くならないですし、いいですよ
1429	5	コスパが良かったので購入して良かったです。
1430	5	すぐに商品が届き使い心地も良いです。ありがとうございました。
1431	5	もう何度も購入してます。なんと言っても安いのはもちろん、丸一日仕事等でつけていますが紐が外れたことは一度もないです。ずっとリピします。
1432	5	耳が痛くならず使い心地が良かったので、2回目の購入です。家族で使用していますが、ゴムが切れた事もありません。
1433	4	2回目の購入です。毎日の消耗品で耳も痛くならなくて必需品です。無くなったら次回も購入したいと思います。
1434	5	紐の部分が届くまで心配だったけどちゃんと太くて耳が痛くならなくてよき
1435	5	耳が痛くならないので快適です。また買いたいと思いました。
1436	4	到着までも早く届いた商品もかわいい色味で大満足です！
1437	4	思っていたよりも早めの発送で良かったです。マスクのゴムも柔らかく、色味も可愛い水色だったので子供も喜んで使ってくれそうです。
1438	5	柔らか過ぎずケバがたちにくく、なおかつ、かたすぎず。好きな質感です！
1439	4	耳にあたるゴムが柔らかくて気持ちいいです
1440	4	しばらく、安めの50枚498円のマスクを使って来たのですが、フィルターは厚みが有って良かったが、どうしても長時間だと耳が痛くて外したくなってました。こちらの商品はゴムが柔らかくて、以前のマスクような痛さは感じなくなりました。まだ5枚ほどの使用ですが、少し続けてみようと思います。
1441	5	4回目のリピートです。家族で使っています。また、頼みたいと思っています。
1442	5	長時間使用しても耳が痛くならず、満足しています。
1443	4	つけ心地がいいです。次回も購入しようと思います。
1444	5	開封後も特に匂いもなく、つけ心地最高です！今回でリピート3回目！たぶん今後もお世話になります！
1445	5	耳が痛くならないので、とても快適で気に入っています。
1446	5	リピートしてます☆安く、品質的にも満足してます。
1447	5	まだまだ毎日使うのでマスクの減りが早く、早い発送ですぐ届き助かりました。ありがとうございました。
1448	5	何回もリピートしてます！耳も痛くならないし、コスパも最高です！
1449	5	息苦しくなく、フィット感もありとてもいいかんじです。
1450	5	使用してみると、耳が痛くないし、肌触りも良いです。お値段も手頃なので、家族みんなで使っています。
1451	5	おねうちで問題なく使えて満足です、何度か購入させてもらってます
1452	5	耳のあたりが非常にやわらかで、長時間つけても耳が痛くなりません。
1453	5	耳が痛くならなくてとてもしっかりしていてとても満足のいくマスクでした。リピ決定です！
1454	5	ゴムが柔らかく耳が痛くなりにくいです。無くなる前にまたリピートします
1455	4	初めて注文しました。安く購入できて良かったです。
1456	5	安い、早い、ゴムが太くて良い。セールだったので購入してみましたが、良かったです。ひとつ言えば箱にぎゅうぎゅうにつめてあったのでひとつずつ包装か、出しやすいと助かります。
1457	5	何度か購入してます。耳の辺りも優しいし、気に入ってます。使用後は洗剤に付け置きして、乾かすかそのまま拭き掃除に利用しています。毎日使い捨てるなら、洗浄用具に使うのありかも。
1458	5	普通に良い。紐も取れることも無く良い意味で普通にストレスなく使えてます。リピート確定なマスクです。
1459	5	息のこもる感じが、ありませんでした！普通サイズだと、大きいなと感じので、次はサイズ違いを買おうと思います
1460	4	今回で3回目の購入です。品質も問題なく手頃な価格に満足です。
1461	4	思ったより薄いけど、耳は痛くなく着け心地はよかったです。
1462	5	何回もリピートしてます。ゴムの不良などもあまりなくとても気に入っています。
1463	5	安くて良い商品だと思います。色の豊富さも良いです。
1464	4	着けていて、耳も痛くならないのでリピート買いです。
1465	4	2回目の購入です。普通のマスクでよいという人はこれで十分かと思います。
1466	5	耳にかけるゴムが痛くないので私はコレをリピート買いしています。鼻にもワイヤーが入っているのでフィット性もあります。
1467	5	リピです。家族で使えるように白色を購入してますが、価格的にも気兼ねなく使えます。使用感も問題なく密閉感があり仕事中は酸欠になりそうになるので、たまに深呼吸しています。そんなに薄すぎないので夏場の汗でも多少は平気でした。
1468	5	日々、使っております。特に不満もなく快適です。
1469	5	こちらのマスクは、1日つけてても耳が痛くならないので、お気に入りです。
1470	5	リピートしてます。安いですし、耳が痛くなりません。
1471	5	金額、色、ゴム、サイズ、全て満足でした。この金額で大変お得です。
1472	5	毎回こちらで購入させていただいています。耳が痛くならず発送も早くいいです。
1473	4	すぐに届きました。つけ心地も良く、コスパもバッチリです。また購入したいと思います。
1474	4	値段が安くて、2度目の購入です。前回は白でしたが、今回はシュガーピンクにしました。ほんのりピンクで違和感なくつけれてすごく好きな色でした。耳も痛くなくていいです！
1475	5	3回目の購入です長くマスクしてても耳が痛くなりません素材もしっかりしてるので満足してます
1476	4	設定価格が安価で、かつ、スーパーセールでの購入なのお得でした。数枚使用しましたが、使用感もよくコスパよいです。
1477	5	耳が痛くならないので、家族で使用しています。毎回こちらで購入しています。
1478	4	リピートです。スムーズな対応です。また、お願いします。
1479	5	もうずっとこの商品を使っています。安くて耳が痛くならない、これにつきます。毎日何時間もつけて過ごすので、快適なマスクに感謝してます。
1480	4	とてもお得で、付け心地もよく使いやすいです！ドラッグストア等で買うより安いのでまたリピートしたいです。
1481	5	息苦しさがないし人が痛くないのでたすかります
1482	5	リピート買いです！とてもお得で使いやすいマスク。とてもお気に入りです。また買います。
1483	5	いつも購入しているマスクよりお得でありがたいです。なくなったらまた購入したいです。
1484	5	耳が痛くならないので、ずっと使っていても楽でした。
1485	5	主人の為に購入しました。マスクは柔らかくて耳も痛くないそうで、とても気に入ったみたいです。一箱のお値段も安くて驚いてました。
1486	4	毎日長い時間使う物なので、付け心地重視です。耳ゴムが太くて痛くなりません。発送も早くて助かりました。
1487	4	発送も早く、この値段でこの品質はコスパが良いと思います。
1488	5	3回目のリピです毎日使うのに生地も厚く気に入っています
1489	5	家族も大変満足しています。リピ買いします。
1490	5	何度もリピしてます。耳が痛くならず快適です。
1491	5	リピート購入させて頂きました。お安くてオメガプリーツの形が気に入っているので大満足です。
1492	4	耳も痛くならないし、サイズ感もいいです。
1493	5	何度かリピートしていますが、いつも安心して使うことができ、有難いです。このお値段で、たくさん入っているので、家族にも、まめにマスク交換ができると好評です。耳が痛くならないところもポイント高く、またなくなる頃に注文したいと思います。
1494	4	毎日家族５人使うので低価格で助かるし、色もかわいくしっかり鼻からあごまで覆われて安心です。耳も痛くならなかったです。
1495	5	中学生の子供ように購入しました。耳も痛くならず、眼鏡もくもらず使いやすいそうです。
1496	5	今回で、8回目のリピ購入です不織布がしっかりしていて、薄くないので気に入っています
1497	5	前回こちらで初めてカラーマスクを購入しました。普段使いもできると思ったので、リピートさせていただきました。耳ゴムは平たくて肌にやさしいです。
1498	5	長時間つけていても耳が痛くなりにくく、満足です。また購入したいです。
1499	5	２度目の購入です。安価ですが、質が良くつけ心地最高です。また、リピートします。
